   	TRIM(CITY_CODE)
1	MIZ
2	MJG
3	MJH
4	MJI
5	LRR
6	LSB
7	LSD
8	LSF
9	LUF
10	LUK
11	LUS
12	LUT
13	LUY
14	LVA
15	LVL
16	LVM
17	NEN
18	MYL
19	MYO
20	MZA
21	MZE
22	MZJ
23	MZM
24	MZQ
25	MZS
26	MZU
27	MZY
28	NAB
29	NAC
30	NAF
31	NAJ
32	NPA
33	NPO
34	NPP
35	NPU
36	NQA
37	NQI
38	NQT
39	NTR
40	NTU
41	NTX
42	NUG
43	NUH
44	NUN
45	NUQ
46	NUU
47	NUW
48	NVD
49	NVG
50	NVP
51	NVS
52	NWH
53	NWP
54	NWS
55	NWU
56	NXX
57	NYG
58	NZA
59	NZC
60	NZO
61	NZW
62	NZY
63	OAR
64	OBA
65	OBE
66	OBI
67	OBK
68	OBL
69	MSB
70	MSF
71	MSI
72	MSK
73	MSM
74	MTA
75	MTC
76	MTD
77	MTN
78	MTU
79	MTX
80	MUD
81	MUI
82	MUL
83	MUO
84	MUP
85	MUQ
86	MUS
87	MUT
88	MUU
89	MUV
90	MUY
91	MVC
92	MVE
93	MVG
94	MVI
95	MVK
96	MVW
97	MWB
98	MWC
99	MWK
100	MWL
101	MWM
102	MWN
103	MWO
104	MWP
105	MWR
106	MWS
107	MXA
108	MXC
109	MXD
110	MXE
111	MXF
112	MXI
113	MXO
114	MXP
115	MXQ
116	MXV
117	MXW
118	MQW
119	MQY
120	MRB
121	MRC
122	MRF
123	MRH
124	MRI
125	MRJ
126	MRL
127	MRN
128	MRP
129	MRT
130	MRW
131	MRX
132	NAV
133	NAX
134	NBA
135	NBG
136	NBH
137	QBV
138	QBW
139	QBX
140	QBY
141	QBZ
142	QCA
143	QCB
144	QCC
145	QCD
146	QCE
147	PHH
148	PHK
149	PHM
150	PHN
151	PHP
152	PHT
153	PHU
154	QFX
155	QNE
156	QNF
157	QNG
158	QNH
159	QNI
160	QNJ
161	QNK
162	QNL
163	QNM
164	QNN
165	QNO
166	QNP
167	QNQ
168	QNR
169	QNS
170	QNT
171	QNU
172	QNV
173	QNW
174	QNX
175	QNY
176	QNZ
177	QOA
178	QOB
179	QOC
180	QOD
181	QOE
182	QOF
183	QOG
184	QOH
185	QOI
186	QIM
187	QIN
188	QOJ
189	QOK
190	QOL
191	QOM
192	QON
193	QOO
194	QOP
195	QOQ
196	QOR
197	QOS
198	QOT
199	QCF
200	QCG
201	QCH
202	QCI
203	QCJ
204	QCK
205	QCL
206	QCM
207	QCN
208	QCO
209	QCP
210	QCQ
211	QCR
212	QCS
213	QCT
214	QCU
215	QCV
216	QCW
217	QCX
218	QCY
219	QCZ
220	QDA
221	QDB
222	QDC
223	QDD
224	QDE
225	QDF
226	QDG
227	QDH
228	QDI
229	QDJ
230	QDK
231	QDM
232	QDN
233	QDO
234	QDP
235	QDQ
236	QDR
237	QDS
238	QDT
239	QDU
240	QDV
241	QDW
242	QDX
243	QDY
244	QDZ
245	QEA
246	QEB
247	QEC
248	QED
249	QEE
250	QEF
251	QEG
252	QEH
253	QEI
254	QEJ
255	QEK
256	QEL
257	QEM
258	QEO
259	QEP
260	QEQ
261	QER
262	QET
263	QEU
264	QEV
265	QEW
266	QEX
267	QEY
268	QEZ
269	QFA
270	QFB
271	QFC
272	QFD
273	QFE
274	PAQ
275	PAX
276	PBA
277	PBG
278	PGB
279	PGC
280	PGG
281	PGL
282	PGN
283	PGO
284	PGP
285	PGR
286	PHA
287	PHD
288	PZK
289	PZL
290	QAC
291	QFY
292	QFZ
293	QGA
294	QGB
295	QGC
296	QGD
297	QGE
298	QGF
299	QGG
300	QGH
301	QGI
302	QGJ
303	QGK
304	QGL
305	QGM
306	QGN
307	QGO
308	QGP
309	QGQ
310	QGR
311	QGS
312	QGT
313	QGU
314	QGV
315	QGW
316	QGX
317	QGY
318	QGZ
319	QHA
320	QHB
321	QHC
322	QHD
323	QHE
324	QHF
325	QHG
326	QHH
327	QHI
328	QHJ
329	QHK
330	QHL
331	QHM
332	QHN
333	QHO
334	QHP
335	QHQ
336	QHR
337	QHS
338	QHT
339	QHU
340	QHV
341	QHW
342	QHX
343	QHY
344	QHZ
345	QIA
346	QIB
347	QIC
348	QID
349	QIE
350	QIF
351	QIG
352	QIH
353	QII
354	QIJ
355	QIK
356	QIL
357	POV
358	PRZ
359	PSK
360	PSL
361	PSN
362	PSQ
363	PST
364	PSX
365	PTB
366	PTK
367	PTL
368	PTQ
369	PTR
370	PTS
371	PTT
372	PTV
373	PTW
374	PTZ
375	PUH
376	PUI
377	PUP
378	PUR
379	PUX
380	PVS
381	PVW
382	PVX
383	PVY
384	PVZ
385	PWA
386	PWD
387	PWK
388	PWN
389	PWO
390	PWR
391	PYL
392	QBE
393	QBF
394	QBG
395	QBH
396	QBI
397	QBJ
398	QBK
399	QBL
400	QBM
401	QBN
402	QBO
403	QBP
404	QBQ
405	QBR
406	QBS
407	QBT
408	QBU
409	NTC
410	NTD
411	OBT
412	ORQ
413	ORR
414	ORX
415	ORY
416	OSC
417	OXY
418	OYG
419	OYL
420	OYP
421	OZA
422	OZP
423	OZR
424	MYF
425	QAD
426	PHZ
427	PIB
428	PID
429	PIG
430	PII
431	PIK
432	PIL
433	PIM
434	PIO
435	PIQ
436	PIV
437	PJZ
438	PKD
439	PKF
440	PKJ
441	PKL
442	PKM
443	PKS
444	PKT
445	PKV
446	PLA
447	PLC
448	PLE
449	PLG
450	PLI
451	PLK
452	PLL
453	PLR
454	PLT
455	PLU
456	PLY
457	PMB
458	PME
459	PMF
460	PMH
461	PMM
462	PMS
463	PMT
464	PMU
465	PMX
466	PNE
467	PNN
468	PNO
469	PNT
470	PNU
471	PNV
472	POB
473	POC
474	POJ
475	OSG
476	PBQ
477	PBS
478	PBV
479	PBW
480	PBX
481	PCB
482	PCD
483	PCE
484	PCG
485	PCM
486	PCO
487	PCS
488	PCU
489	PCV
490	PDF
491	PDK
492	PDO
493	PEB
494	PEF
495	PEQ
496	PEX
497	PEY
498	PFA
499	PFC
500	PFD
501	PPA
502	PPD
503	PPE
504	PPH
505	PPJ
506	PPM
507	PPO
508	PPR
509	PRD
510	PRE
511	PRK
512	PRO
513	PRR
514	PRT
515	PRV
516	PRW
517	OSN
518	OSU
519	OSX
520	OTJ
521	OTN
522	OTO
523	OTP
524	OUI
525	OUM
526	OUN
527	OUT
528	OUU
529	OVE
530	OVL
531	OWA
532	OWE
533	OWK
534	OXC
535	OXD
536	OXF
537	OXO
538	PAC
539	PAF
540	PAI
541	PAK
542	PAM
543	PAO
544	NBL
545	NBP
546	NBR
547	NBU
548	NBW
549	NCG
550	NCO
551	NCP
552	NCQ
553	NCR
554	NCT
555	NDF
556	NDP
557	NDR
558	NDV
559	NEA
560	NEL
561	QAE
562	QAG
563	QAH
564	QAI
565	QAJ
566	QAK
567	QAL
568	QAM
569	QAN
570	QAO
571	QAP
572	QAQ
573	QAR
574	QAS
575	QAT
576	QAU
577	QAV
578	QAW
579	QAX
580	QAY
581	QAZ
582	QBA
583	QBB
584	QBD
585	OCN
586	OCW
587	ODH
588	ODM
589	OEA
590	OEL
591	OEM
592	OEO
593	OFF
594	OFI
595	OGA
596	OGB
597	OGD
598	OHA
599	OHC
600	OHO
601	OHP
602	OIC
603	OIL
604	OJC
605	OKD
606	OKH
607	OKL
608	OKM
609	OKO
610	OKS
611	OKT
612	OLD
613	OLE
614	OLO
615	OLS
616	OLV
617	OLY
618	OMF
619	OMJ
620	OMK
621	OMM
622	OMY
623	ONE
624	ONJ
625	ONL
626	ONM
627	ONN
628	ONP
629	ONQ
630	ONR
631	ONY
632	OOA
633	OOR
634	OPF
635	OPL
636	OPW
637	ORC
638	ORD
639	ORG
640	ORM
641	NKS
642	NKX
643	NLC
644	NLE
645	NLO
646	NLU
647	NMN
648	NMP
649	NMR
650	NMU
651	NNA
652	NND
653	NNR
654	NOD
655	NOG
656	NOH
657	NOI
658	NOK
659	NOL
660	NOP
661	NQX
662	NRB
663	NRC
664	NRE
665	NRG
666	NRI
667	NRQ
668	NRR
669	NRS
670	NRT
671	NRV
672	NRY
673	NSB
674	NSE
675	NSF
676	NSI
677	NSP
678	NSV
679	NSX
680	NSY
681	NTB
682	GIG
683	GIR
684	GIT
685	GKE
686	GKH
687	GKT
688	GLE
689	GLL
690	GLM
691	GLQ
692	GLR
693	GLW
694	GLY
695	GLZ
696	GMC
697	GSI
698	JCY
699	JDA
700	JDB
701	JDM
702	JDN
703	JDP
704	JDT
705	JDX
706	JDY
707	JEM
708	JEV
709	JFK
710	HTH
711	HTL
712	HUD
713	HUG
714	HUJ
715	HUK
716	HUL
717	HUM
718	HVD
719	HVE
720	HVS
721	HWD
722	HWO
723	HYC
724	HYV
725	HZB
726	HZV
727	IAB
728	IAD
729	IAH
730	IAQ
731	IAR
732	IBO
733	IBP
734	ICL
735	ICO
736	IFA
737	IGE
738	IGL
739	IHA
740	IIN
741	IJX
742	IKB
743	IKK
744	ILB
745	ILH
746	ILK
747	ILL
748	ILU
749	ILX
750	IMG
751	IML
752	IMM
753	IMN
754	IMZ
755	INA
756	INB
757	INE
758	INJ
759	INK
760	HEB
761	HED
762	HEE
763	HFF
764	HGS
765	HGT
766	HGZ
767	HHE
768	HHI
769	HHP
770	HKP
771	HHR
772	HKS
773	HKV
774	HLB
775	HLC
776	HLI
777	HLJ
778	HLL
779	HLM
780	HLP
781	HLR
782	HLS
783	HLW
784	HLY
785	HMA
786	HMG
787	HMN
788	HMS
789	HMT
790	HNB
791	HNC
792	HND
793	HNE
794	HNN
795	HNO
796	HNX
797	HOA
798	HOL
799	HOO
800	HOP
801	HOW
802	HPR
803	HPT
804	HPV
805	HPY
806	HRA
807	HRC
808	HRD
809	HRJ
810	HRN
811	HRR
812	HRT
813	HRY
814	HRZ
815	HSB
816	HSG
817	HSH
818	HSM
819	HSS
820	DRM
821	DRU
822	DRY
823	DSG
824	DSI
825	DSL
826	DSV
827	DTL
828	DTN
829	DUA
830	DUC
831	DUF
832	EBM
833	EBN
834	EBR
835	EBS
836	GSL
837	GSM
838	GSN
839	GSQ
840	GSS
841	GSY
842	GTA
843	GTC
844	GTG
845	GTI
846	GTK
847	GTN
848	GTR
849	GTS
850	GTY
851	GUB
852	GUE
853	GUJ
854	GUN
855	GUO
856	GUS
857	GUT
858	GUY
859	GVE
860	GVL
861	GVW
862	GWN
863	GWS
864	GWV
865	GWW
866	GXH
867	GYL
868	GYR
869	GYY
870	GZA
871	GZI
872	HAB
873	HAE
874	HAF
875	HAG
876	HAH
877	HAI
878	HAL
879	HAO
880	HAT
881	HAX
882	HBB
883	HBC
884	HBE
885	GBH
886	GBI
887	GBO
888	GBP
889	GBR
890	GBS
891	GCJ
892	GEI
893	GEK
894	GEY
895	GFA
896	GFD
897	GFR
898	GGE
899	HBG
900	HBI
901	HBL
902	HBN
903	HBO
904	HBR
905	HCC
906	HCM
907	HCN
908	HCS
909	HDE
910	HDH
911	HEM
912	HEN
913	HES
914	HEX
915	HEY
916	HIC
917	HIE
918	HIF
919	HIG
920	HIH
921	HIK
922	HIO
923	HIT
924	HIW
925	HJT
926	HKA
927	HTV
928	HTW
929	HUA
930	HUB
931	ICY
932	IDF
933	IDG
934	IDP
935	IES
936	INR
937	INS
938	GCY
939	GDA
940	GDC
941	GDG
942	GDH
943	GDI
944	GDJ
945	GDM
946	GDW
947	GEA
948	GEC
949	GED
950	GEE
951	GGL
952	GHF
953	GHK
954	GHM
955	GIF
956	EWK
957	EWY
958	EXM
959	EYR
960	EYS
961	FAL
962	FDY
963	FEC
964	FEJ
965	FEK
966	FEL
967	FEP
968	FER
969	FET
970	FEW
971	GMS
972	GMT
973	GMU
974	GMV
975	GMY
976	GNE
977	GNG
978	GNN
979	GNT
980	GOF
981	GOG
982	GOK
983	GOL
984	GOW
985	GOY
986	FIK
987	FIV
988	FKB
989	FKH
990	FKN
991	FLC
992	FLD
993	FLE
994	FLH
995	FLU
996	FLV
997	FMC
998	FME
999	FMG
1000	FNB
1001	FNK
1002	FRF
1003	FRI
1004	FRN
1005	FRR
1006	FRT
1007	FRY
1008	FRZ
1009	FSI
1010	FSK
1011	FSL
1012	FSN
1013	FSS
1014	FST
1015	FSU
1016	FTI
1017	FTK
1018	FTW
1019	FTY
1020	FUM
1021	FVL
1022	FVR
1023	FWH
1024	FXE
1025	FXM
1026	FXO
1027	FXY
1028	FYM
1029	FZO
1030	GAB
1031	GAC
1032	GAG
1033	GAI
1034	GAK
1035	GAP
1036	GAT
1037	GAV
1038	GBB
1039	EMG
1040	EMM
1041	EMT
1042	ENC
1043	END
1044	ENI
1045	ENJ
1046	ENK
1047	ENL
1048	ENQ
1049	ENV
1050	ENW
1051	EOH
1052	EOK
1053	EOS
1054	EPG
1055	EPH
1056	EPI
1057	EPK
1058	EPS
1059	ERO
1060	ERR
1061	ERS
1062	ERT
1063	ERV
1064	ESB
1065	ESF
1066	ESK
1067	ESO
1068	ESP
1069	EST
1070	ESU
1071	ESW
1072	ETB
1073	ETN
1074	EUF
1075	EUM
1076	EUO
1077	EVA
1078	EVH
1079	EVW
1080	FAA
1081	FAB
1082	FAF
1083	FIG
1084	FLP
1085	FOB
1086	FOE
1087	FON
1088	FOP
1089	FOS
1090	FOX
1091	FPY
1092	BOF
1093	BQB
1094	BQK
1095	BQV
1096	BGG
1097	BGS
1098	BHC
1099	BHD
1100	BHW
1101	BIF
1102	BIJ
1103	BKL
1104	BMA
1105	ASI
1106	ATX
1107	EBW
1108	ECR
1109	ECS
1110	EDD
1111	EDE
1112	EDF
1113	EDG
1114	EDK
1115	EED
1116	EFB
1117	EFD
1118	EFK
1119	EFO
1120	EFW
1121	EGI
1122	EGL
1123	EGP
1124	EHT
1125	EIB
1126	EIL
1127	EKA
1128	ELA
1129	ELK
1130	ELN
1131	ELR
1132	ELX
1133	ELZ
1134	EMB
1135	DEO
1136	DEP
1137	DET
1138	DFI
1139	DFP
1140	DGB
1141	DGD
1142	DGG
1143	DGL
1144	DGN
1145	DGP
1146	DGR
1147	DGU
1148	DGW
1149	DHF
1150	DHL
1151	DHR
1152	DHT
1153	DIC
1154	DIM
1155	DIV
1156	DJU
1157	DKK
1158	DKS
1159	DLB
1160	DLE
1161	DLF
1162	DLN
1163	DLO
1164	DLS
1165	DLZ
1166	DMA
1167	DME
1168	DMN
1169	DMR
1170	DMT
1171	DNA
1172	DNC
1173	DNE
1174	DNG
1175	DNL
1176	DNN
1177	DNS
1178	DNT
1179	DNX
1180	DOB
1181	DOC
1182	DOV
1183	DPA
1184	DPE
1185	DPG
1186	DPK
1187	DPU
1188	DRA
1189	DRC
1190	DRF
1191	DRH
1192	DRI
1193	DRJ
1194	CSF
1195	CSJ
1196	DBN
1197	DBS
1198	DCA
1199	DCF
1200	DCI
1201	DCK
1202	DCR
1203	DCS
1204	DCT
1205	DCU
1206	DDU
1207	DEA
1208	DEH
1209	DUI
1210	DUK
1211	DUN
1212	DVA
1213	DVP
1214	DVT
1215	DWA
1216	DWF
1217	DWH
1218	DWN
1219	DWS
1220	DXA
1221	DXD
1222	DXR
1223	DYL
1224	DYM
1225	DYS
1226	DZI
1227	DZO
1228	EAN
1229	EAP
1230	LTR
1231	MCF
1232	MDN
1233	MDY
1234	MEB
1235	MEF
1236	MEK
1237	LAT
1238	LAV
1239	LBC
1240	LBG
1241	LBH
1242	LBK
1243	LBM
1244	LBN
1245	LBO
1246	LBT
1247	NES
1248	NET
1249	NEW
1250	NFB
1251	NFL
1252	NFR
1253	NGC
1254	NGL
1255	NGM
1256	NGN
1257	NGP
1258	NGU
1259	NGV
1260	NGW
1261	NGZ
1262	NHD
1263	NHK
1264	NHS
1265	NHT
1266	NHX
1267	NHZ
1268	NIF
1269	NIK
1270	NIN
1271	NIP
1272	NIR
1273	NIT
1274	NJA
1275	NJK
1276	NKA
1277	NKB
1278	NKD
1279	MJP
1280	MJR
1281	MJS
1282	MJW
1283	MJX
1284	MJY
1285	MLJ
1286	MLK
1287	MLT
1288	MMI
1289	MMR
1290	MMS
1291	MMT
1292	MMU
1293	MMV
1294	MMW
1295	MMX
1296	MNC
1297	MND
1298	MNH
1299	MNN
1300	MNP
1301	MNV
1302	MNW
1303	MOK
1304	MOP
1305	MOR
1306	MOS
1307	MOX
1308	MPB
1309	MPC
1310	MPE
1311	MPJ
1312	MPO
1313	MPQ
1314	MPR
1315	MPS
1316	MPY
1317	MPZ
1318	MQA
1319	MQE
1320	MQG
1321	MQJ
1322	MQK
1323	MQR
1324	MCO
1325	MCQ
1326	MDA
1327	MDD
1328	MEN
1329	MEO
1330	MEQ
1331	MER
1332	MEW
1333	MFH
1334	MFK
1335	MFL
1336	MFV
1337	MFW
1338	MFX
1339	MFY
1340	MGE
1341	MGI
1342	MGJ
1343	MGL
1344	MGO
1345	MGU
1346	MGY
1347	MHB
1348	MHC
1349	MHI
1350	MHL
1351	MHM
1352	MHN
1353	MHP
1354	MHR
1355	MHS
1356	MHV
1357	MHW
1358	MHZ
1359	MIB
1360	MIC
1361	MIF
1362	MIO
1363	MIQ
1364	MIT
1365	MIV
1366	MIW
1367	MIX
1368	MIY
1369	JGX
1370	JHE
1371	JHY
1372	JIA
1373	JID
1374	JIO
1375	JIP
1376	JKV
1377	JLA
1378	JLB
1379	JLH
1380	JLO
1381	JLP
1382	JLS
1383	JLX
1384	JMA
1385	LVP
1386	LVS
1387	LWA
1388	LWK
1389	LWL
1390	LWM
1391	LWR
1392	LWV
1393	LXG
1394	LXN
1395	LYE
1396	LYN
1397	LYO
1398	LYT
1399	LZA
1400	LZI
1401	LZM
1402	MAC
1403	MAE
1404	MAW
1405	MBF
1406	MBG
1407	MBK
1408	MBN
1409	MBY
1410	MCB
1411	MCC
1412	LGR
1413	LGT
1414	LGW
1415	LHA
1416	LHB
1417	LHR
1418	LHS
1419	LHU
1420	LHV
1421	LIN
1422	LIU
1423	LIV
1424	LIY
1425	LIZ
1426	LJC
1427	LKD
1428	LKE
1429	LKG
1430	LKI
1431	LKK
1432	LKP
1433	LKR
1434	LKS
1435	LKT
1436	LKU
1437	LKZ
1438	LLE
1439	LLH
1440	LLL
1441	LLM
1442	LLP
1443	LLU
1444	LLX
1445	LLY
1446	LMH
1447	LMK
1448	LMO
1449	LMQ
1450	LMR
1451	LMX
1452	LMZ
1453	LNA
1454	LNI
1455	LNN
1456	LNR
1457	LNX
1458	LOB
1459	LOC
1460	LOG
1461	LOI
1462	LOK
1463	LOL
1464	LOO
1465	LOR
1466	LOT
1467	LOU
1468	LOW
1469	LOX
1470	LOY
1471	LPC
1472	KWB
1473	KWD
1474	KWR
1475	KWS
1476	KWU
1477	KWX
1478	KWY
1479	KXR
1480	KYB
1481	KYL
1482	KYN
1483	KYO
1484	KZC
1485	KZD
1486	KZG
1487	KZH
1488	KZK
1489	KZO
1490	LAC
1491	LAG
1492	LSI
1493	LSJ
1494	LSK
1495	LSL
1496	LSN
1497	LSO
1498	LSV
1499	LSX
1500	LTC
1501	LTG
1502	LTI
1503	LTN
1504	LTP
1505	JAU
1506	JBC
1507	JBK
1508	JBP
1509	JBS
1510	JBT
1511	JCA
1512	JCC
1513	JCD
1514	JCE
1515	JCJ
1516	JCN
1517	JCO
1518	JCR
1519	JCT
1520	JCU
1521	LBX
1522	LBZ
1523	LCB
1524	LCC
1525	LCF
1526	LCJ
1527	LCK
1528	LCM
1529	LCN
1530	LCP
1531	LCS
1532	LCY
1533	LDJ
1534	LDM
1535	LDR
1536	LDV
1537	LDX
1538	LEE
1539	LEM
1540	LEO
1541	LEY
1542	LEZ
1543	LFI
1544	LFN
1545	LGA
1546	LGC
1547	LGD
1548	LGE
1549	LGF
1550	LIC
1551	LID
1552	LPE
1553	LPJ
1554	LPN
1555	LPX
1556	LQK
1557	LRC
1558	LRF
1559	LRG
1560	LRI
1561	LRJ
1562	LRK
1563	LRN
1564	LRO
1565	KMT
1566	KMW
1567	KNF
1568	KNI
1569	KNL
1570	KNO
1571	KNP
1572	KNR
1573	KNT
1574	KNY
1575	KOF
1576	KOG
1577	KSP
1578	KSR
1579	KSS
1580	KSV
1581	KSX
1582	KTC
1583	KTH
1584	KTI
1585	KTP
1586	KTQ
1587	KTV
1588	KTX
1589	KTZ
1590	KUE
1591	KUI
1592	KUJ
1593	KUR
1594	KUY
1595	KUZ
1596	KVD
1597	MKF
1598	MKV
1599	MKX
1600	MLD
1601	MMC
1602	KCF
1603	KCG
1604	KCI
1605	KCJ
1606	KIA
1607	KIC
1608	KIK
1609	KIL
1610	KIP
1611	KIX
1612	KKF
1613	KKL
1614	KKM
1615	KKP
1616	KKT
1617	KKY
1618	KLD
1619	KLF
1620	KLI
1621	KLJ
1622	KLP
1623	KLQ
1624	KLS
1625	KLT
1626	KMC
1627	KMD
1628	KOL
1629	KON
1630	KOQ
1631	KPD
1632	KPG
1633	KPH
1634	KQB
1635	KRA
1636	KRC
1637	KRD
1638	KRH
1639	KRM
1640	KRV
1641	JGP
1642	JGQ
1643	HST
1644	HSZ
1645	HTF
1646	GQJ
1647	GRA
1648	GRE
1649	GRF
1650	GRK
1651	GRM
1652	GRN
1653	GRT
1654	GRU
1655	GSB
1656	GSE
1657	GSH
1658	JCX
1659	JMD
1660	JMH
1661	JMM
1662	JMN
1663	JMY
1664	JNH
1665	JNP
1666	JOC
1667	JOH
1668	JOM
1669	JOR
1670	JOT
1671	JPD
1672	JPN
1673	JPT
1674	JPU
1675	JQA
1676	JRA
1677	JRB
1678	JRC
1679	JRD
1680	JRE
1681	JRK
1682	JRN
1683	JSD
1684	JSG
1685	JSK
1686	JSL
1687	JSN
1688	JSP
1689	JSZ
1690	JTO
1691	JUA
1692	JUC
1693	JUN
1694	JUP
1695	JUR
1696	JUT
1697	JVI
1698	JWC
1699	JWH
1700	JWL
1701	KAH
1702	KAP
1703	KAS
1704	INX
1705	INY
1706	IOW
1707	JFM
1708	JFN
1709	JGC
1710	JGE
1711	JGL
1712	KAV
1713	KBB
1714	KBD
1715	KBH
1716	KBN
1717	KBO
1718	KBP
1719	KBQ
1720	KBU
1721	KBW
1722	KCB
1723	KCD
1724	KCO
1725	KCQ
1726	KCR
1727	KCS
1728	KDF
1729	KDG
1730	KDK
1731	KEB
1732	KEC
1733	KEF
1734	KEG
1735	KEU
1736	KEW
1737	KEY
1738	KFS
1739	KGN
1740	KGP
1741	KGR
1742	KGZ
1743	KHA
1744	KHD
1745	KHL
1746	KHO
1747	KHR
1748	IPU
1749	IRB
1750	IRE
1751	IRN
1752	IRS
1753	ISD
1754	ISH
1755	ISL
1756	ISQ
1757	ISS
1758	ITA
1759	ITE
1760	ITJ
1761	ITM
1762	ITP
1763	ITR
1764	IUM
1765	IVG
1766	IVH
1767	IVO
1768	IWO
1769	IWS
1770	IXN
1771	IXP
1772	IZT
1773	JAD
1774	JAE
1775	JAJ
1776	JAK
1777	JAL
1778	JAM
1779	JAO
1780	JAP
1781	JAS
1782	GRZ
1783	GSC
1784	GSR
1785	GTB
1786	GTF
1787	GTW
1788	GUC
1789	GUF
1790	GUI
1791	GUM
1792	GUQ
1793	GUU
1794	GUX
1795	GVA
1796	GVR
1797	GWA
1798	GWE
1799	GWO
1800	GXF
1801	GXQ
1802	GYA
1803	GYM
1804	GYP
1805	GZO
1806	HAA
1807	HAD
1808	HAM
1809	HAP
1810	HAS
1811	HAV
1812	HAY
1813	HBH
1814	HBX
1815	HCB
1816	HCW
1817	HDB
1818	HDM
1819	HDS
1820	HEH
1821	HEO
1822	HFD
1823	HFN
1824	HGA
1825	HGO
1826	HGU
1827	HHQ
1828	HIB
1829	HIJ
1830	HIN
1831	HIR
1832	HJR
1833	HKD
1834	HKN
1835	HKY
1836	HLN
1837	HLU
1838	HLZ
1839	HMO
1840	HMV
1841	HNH
1842	HNK
1843	HNS
1844	HOC
1845	HOE
1846	HOH
1847	HOK
1848	HOQ
1849	HOS
1850	HOV
1851	HOY
1852	HPE
1853	HQM
1854	HRE
1855	HRO
1856	HSI
1857	HSP
1858	HTB
1859	HTR
1860	HTZ
1861	HUF
1862	ILN
1863	ILQ
1864	ILY
1865	IMA
1866	IMD
1867	IMI
1868	IMP
1869	IND
1870	INH
1871	INL
1872	INQ
1873	INU
1874	INZ
1875	IOM
1876	IOP
1877	IOS
1878	IPC
1879	IPH
1880	IPL
1881	IPT
1882	IQT
1883	IRC
1884	IRI
1885	IRK
1886	ISA
1887	ISC
1888	LGB
1889	MWT
1890	MWV
1891	MXB
1892	MXH
1893	MXK
1894	MXN
1895	MXT
1896	LHI
1897	IVA
1898	IVL
1899	IVW
1900	IWJ
1901	IXB
1902	IXD
1903	IXH
1904	IXK
1905	IXM
1906	IXR
1907	IXT
1908	IXW
1909	IYK
1910	IZO
1911	JAB
1912	JAF
1913	JAI
1914	JAQ
1915	JAX
1916	JCH
1917	JCM
1918	JDH
1919	JEF
1920	JEQ
1921	JFR
1922	JGB
1923	JGR
1924	JHC
1925	JHQ
1926	JIB
1927	JIN
1928	JIW
1929	JKG
1930	JKT
1931	JLN
1932	JMC
1933	JMO
1934	JNN
1935	JNX
1936	JOE
1937	JOI
1938	JON
1939	JPA
1940	JQE
1941	JRS
1942	JSH
1943	KEE
1944	KEI
1945	KEK
1946	KEM
1947	KEO
1948	KEQ
1949	KET
1950	KEX
1951	KFG
1952	KGB
1953	KGD
1954	KGG
1955	KGI
1956	KGL
1957	KGS
1958	KGW
1959	KGY
1960	KHH
1961	KHJ
1962	KHT
1963	KHW
1964	KIF
1965	KIH
1966	KIN
1967	KIR
1968	KIT
1969	KIW
1970	KIZ
1971	KJK
1972	KKA
1973	KKC
1974	KKG
1975	KKI
1976	KKN
1977	KKR
1978	KKX
1979	KLB
1980	KLE
1981	KLH
1982	KLN
1983	KLR
1984	KLW
1985	KLY
1986	KMA
1987	KME
1988	KMH
1989	KMJ
1990	CPQ
1991	SHD
1992	SHG
1993	SHJ
1994	SHL
1995	SHN
1996	SHQ
1997	SHV
1998	SHY
1999	SIB
2000	SID
2001	SIH
2002	SIL
2003	SIS
2004	SIU
2005	SIZ
2006	SJD
2007	SJH
2008	SJK
2009	SJQ
2010	SJU
2011	SJX
2012	SJZ
2013	SKD
2014	SKH
2015	SKJ
2016	SKN
2017	SKQ
2018	SKS
2019	SKV
2020	SKZ
2021	SLC
2022	SLI
2023	SLL
2024	SLN
2025	SLQ
2026	SLU
2027	SLW
2028	SLZ
2029	SMB
2030	SMJ
2031	SML
2032	SMQ
2033	SMS
2034	SMX
2035	SMZ
2036	SNC
2037	SNF
2038	SNH
2039	SNN
2040	SNP
2041	SNU
2042	SNW
2043	SOE
2044	SOG
2045	YNY
2046	TDX
2047	FFA
2048	FFD
2049	FFL
2050	FFO
2051	FFU
2052	FGD
2053	FGI
2054	FGL
2055	CRJ
2056	CUB
2057	CUX
2058	CVA
2059	CVR
2060	CVS
2061	CWG
2062	CWO
2063	CXH
2064	CYG
2065	CYU
2066	CYX
2067	DAF
2068	DAK
2069	DAL
2070	FBG
2071	FBK
2072	FBL
2073	FBR
2074	FBY
2075	FCH
2076	FCM
2077	FCO
2078	FCS
2079	FCT
2080	FCY
2081	FDK
2082	FDR
2083	CIE
2084	CIO
2085	CIQ
2086	CIU
2087	CJM
2088	CLF
2089	CLK
2090	CMN
2091	CMZ
2092	CNF
2093	CNW
2094	COP
2095	CPS
2096	CQS
2097	CRE
2098	CRG
2099	CBM
2100	CBT
2101	CBU
2102	CEA
2103	CFC
2104	CFF
2105	CFQ
2106	CFV
2107	CGF
2108	CGH
2109	CGK
2110	CGV
2111	CGX
2112	CHB
2113	CHE
2114	CHJ
2115	CIA
2116	CIB
2117	BVD
2118	BVK
2119	BVL
2120	BYH
2121	BYN
2122	BYQ
2123	BYR
2124	BZH
2125	BZM
2126	BZS
2127	BSM
2128	CCD
2129	CCE
2130	CDD
2131	CDF
2132	CDG
2133	CKA
2134	CKL
2135	CKT
2136	CKU
2137	CSW
2138	CTF
2139	CTZ
2140	BKA
2141	BKH
2142	BMT
2143	BNH
2144	TIC
2145	TIF
2146	TIH
2147	TIM
2148	TIP
2149	TIR
2150	TIV
2151	TIZ
2152	TJB
2153	TJM
2154	TJQ
2155	TKA
2156	TKD
2157	TKG
2158	TKK
2159	TKN
2160	TKR
2161	TRC
2162	TRF
2163	TRH
2164	TRJ
2165	TRO
2166	TRS
2167	TRV
2168	TRZ
2169	TSD
2170	TSI
2171	TSK
2172	TSR
2173	TSU
2174	TTA
2175	TTE
2176	TTJ
2177	TTR
2178	TTT
2179	TUB
2180	TUF
2181	TUI
2182	TUK
2183	TUM
2184	TUO
2185	TUR
2186	TUU
2187	TUY
2188	TVA
2189	TVL
2190	TVY
2191	TWB
2192	TWT
2193	TXF
2194	TYF
2195	TYS
2196	TZX
2197	UAI
2198	UAP
2199	UAS
2200	UBA
2201	UBJ
2202	UBP
2203	UCA
2204	UDI
2205	UDR
2206	UEO
2207	UFA
2208	UGI
2209	UHE
2210	UII
2211	UIO
2212	UIR
2213	UJE
2214	UKR
2215	ULA
2216	ULE
2217	ULL
2218	ULP
2219	ULU
2220	UMC
2221	UME
2222	UMR
2223	UNE
2224	UNI
2225	UNT
2226	UPL
2227	UPP
2228	URA
2229	URJ
2230	URO
2231	URT
2232	URZ
2233	USI
2234	USM
2235	USO
2236	UTA
2237	UTK
2238	UTP
2239	UUA
2240	UUS
2241	UVO
2242	UZC
2243	SPI
2244	VAA
2245	VAF
2246	VAI
2247	VAN
2248	VAR
2249	PPC
2250	PPI
2251	PPN
2252	PPQ
2253	PPU
2254	PPW
2255	PPZ
2256	PQM
2257	PQS
2258	PRC
2259	PRG
2260	PRJ
2261	PRM
2262	PRP
2263	PRU
2264	PRY
2265	PSB
2266	PSE
2267	PSG
2268	PSJ
2269	PSO
2270	PSR
2271	PSU
2272	PSY
2273	RAL
2274	RAO
2275	RAR
2276	RAV
2277	RAY
2278	RBA
2279	RBE
2280	RBH
2281	RBM
2282	RBP
2283	RBU
2284	RBY
2285	RCE
2286	RCM
2287	RCQ
2288	RDA
2289	RDE
2290	RDM
2291	RDU
2292	RDZ
2293	REC
2294	REK
2295	REP
2296	RET
2297	REW
2298	REY
2299	RFP
2300	RFS
2301	RGE
2302	RGI
2303	RGT
2304	RHD
2305	RHO
2306	RIA
2307	RIE
2308	RIG
2309	RIL
2310	RIO
2311	RIW
2312	RJA
2313	RJI
2314	RKI
2315	RKT
2316	RLA
2317	RLP
2318	RMB
2319	RMI
2320	RNB
2321	RNG
2322	RNJ
2323	RNO
2324	RNS
2325	ROA
2326	ROG
2327	ROL
2328	RON
2329	ROP
2330	ROS
2331	ROV
2332	ROY
2333	RPN
2334	RRG
2335	RRN
2336	RSA
2337	RSG
2338	RSK
2339	RST
2340	RTB
2341	RTG
2342	RTM
2343	RTW
2344	RUI
2345	RUN
2346	RUT
2347	RVA
2348	RVK
2349	RVO
2350	RWL
2351	RXS
2352	RYO
2353	RZE
2354	SAA
2355	SAC
2356	SAK
2357	SGG
2358	SGI
2359	SGN
2360	SGV
2361	WKA
2362	WKJ
2363	WKL
2364	WLB
2365	WLG
2366	WLM
2367	WLS
2368	WMC
2369	WMH
2370	WMN
2371	WMX
2372	WNC
2373	WNR
2374	WOL
2375	WPB
2376	WPM
2377	WRA
2378	WRL
2379	WRY
2380	WSB
2381	WSM
2382	WSP
2383	WST
2384	WSX
2385	WTA
2386	WTK
2387	WTO
2388	WTT
2389	WUG
2390	WUM
2391	WUV
2392	WVK
2393	WWD
2394	WWY
2395	WYB
2396	WYS
2397	XAR
2398	XBE
2399	XBL
2400	XBO
2401	XCL
2402	XCN
2403	XDJ
2404	XGG
2405	XGR
2406	XKA
2407	XKO
2408	XKY
2409	YDG
2410	YDI
2411	YDL
2412	YDP
2413	YDS
2414	YDV
2415	YDY
2416	YEI
2417	YEM
2418	YEP
2419	YET
2420	YEY
2421	YFB
2422	YFE
2423	YFO
2424	YFS
2425	YGB
2426	YGH
2427	YGL
2428	YGN
2429	YGQ
2430	YGT
2431	YGW
2432	YGZ
2433	YHC
2434	YHF
2435	YHI
2436	YHN
2437	YHR
2438	YHZ
2439	YIC
2440	YIK
2441	YIO
2442	YIX
2443	YJN
2444	YJP
2445	YKC
2446	YKG
2447	YKK
2448	YKN
2449	YKS
2450	YKX
2451	YLD
2452	YLG
2453	YLI
2454	YLP
2455	YLS
2456	YME
2457	YMH
2458	YML
2459	YMO
2460	YMQ
2461	YMT
2462	YNC
2463	YNE
2464	YNI
2465	YNL
2466	YNR
2467	YOC
2468	YOG
2469	YOJ
2470	YOL
2471	YOP
2472	YPA
2473	YPD
2474	YPG
2475	YPL
2476	YPN
2477	YPQ
2478	YPT
2479	YPY
2480	YQB
2481	YQD
2482	YQG
2483	YVM
2484	YVP
2485	YVR
2486	YVZ
2487	YWB
2488	YWK
2489	YWN
2490	YWP
2491	YWS
2492	YXE
2493	YXH
2494	YXL
2495	YXO
2496	YXT
2497	YXX
2498	YYA
2499	YYD
2500	VAT
2501	SPN
2502	SPQ
2503	SPU
2504	SPY
2505	SQC
2506	SQI
2507	SQM
2508	SWD
2509	SWF
2510	SWJ
2511	SWQ
2512	SWS
2513	SXA
2514	SXD
2515	SXH
2516	SXM
2517	SXP
2518	SXS
2519	SXW
2520	SXZ
2521	SYD
2522	SYK
2523	SYR
2524	SYY
2525	SZA
2526	SZG
2527	SZR
2528	SZU
2529	SZZ
2530	TAC
2531	TAG
2532	TAJ
2533	TAL
2534	TAS
2535	TAU
2536	TAY
2537	TBA
2538	TBE
2539	TBH
2540	TBJ
2541	TBO
2542	TBT
2543	TBW
2544	TCA
2545	TCE
2546	TCH
2547	TCJ
2548	TCL
2549	TCQ
2550	TCU
2551	TDB
2552	TDG
2553	TEB
2554	TEE
2555	TEH
2556	TEM
2557	TEP
2558	TET
2559	TEX
2560	TFA
2561	TFI
2562	TFM
2563	TGG
2564	TGJ
2565	TGN
2566	TGR
2567	TGV
2568	THC
2569	THG
2570	THI
2571	THN
2572	THR
2573	THU
2574	THZ
2575	SXL
2576	YYI
2577	YYL
2578	YYN
2579	YYT
2580	YZA
2581	YZE
2582	YZH
2583	YZM
2584	YZS
2585	YZV
2586	YZX
2587	ZAD
2588	ZAH
2589	ZAM
2590	ZAW
2591	ZBF
2592	ZBL
2593	ZBO
2594	ZBR
2595	ZBW
2596	ZBY
2597	ZCL
2598	ZDF
2599	ZDY
2600	ZEG
2601	ZEM
2602	ZER
2603	ZEY
2604	ZFB
2605	ZFL
2606	ZFV
2607	ZGI
2608	ZGL
2609	ZGQ
2610	ZGS
2611	ZHO
2612	ZIG
2613	ZJN
2614	ZKG
2615	ZLO
2616	ZNC
2617	ZNE
2618	ZNZ
2619	ZPB
2620	ZRH
2621	ZRM
2622	ZSE
2623	ZST
2624	ZTB
2625	ZTS
2626	ZVA
2627	ZWL
2628	ZZU
2629	CX1
2630	SIN
2631	RO1
2632	RO2
2633	BWN
2634	KUB
2635	CKC
2636	DNK
2637	HMJ
2638	CEJ
2639	IEV
2640	IFO
2641	KHE
2642	KWG
2643	LWO
2644	MPW
2645	NLV
2646	ODS
2647	OZH
2648	UDJ
2649	VIN
2650	VSG
2651	CWC
2652	DOK
2653	HRK
2654	SIP
2655	ERD
2656	KCP
2657	KHC
2658	KGO
2659	KRQ
2660	KHU
2661	UCK
2662	MXR
2663	PLV
2664	RWN
2665	SEV
2666	UMY
2667	TNL
2668	ZTR
2669	SDF
2670	LMS
2671	SZD
2672	KBV
2673	EZE
2674	DMM
2675	MCI
2676	KCK
2677	MDT
2678	RSW
2679	XNA
2680	SBP
2681	MDW
2682	RSX
2683	BDL
2684	RCS
2685	DTW
2686	CTS
2687	DHM
2688	YYF
2689	VRY
2690	VSF
2691	VTE
2692	VTG
2693	VUP
2694	VVK
2695	VVZ
2696	VXE
2697	VYS
2698	WAB
2699	WAD
2700	WAI
2701	WAM
2702	WAS
2703	WAW
2704	WBA
2705	WBD
2706	WBN
2707	WBQ
2708	WCH
2709	WDG
2710	WED
2711	WEL
2712	WET
2713	WFK
2714	WGC
2715	WGT
2716	WHF
2717	WHS
2718	WIK
2719	WIT
2720	WJF
2721	MSA
2722	MSE
2723	MSH
2724	MSN
2725	MSP
2726	MSS
2727	MSU
2728	MSW
2729	MSZ
2730	MTE
2731	MTH
2732	MTJ
2733	MTM
2734	MTP
2735	MTS
2736	MTV
2737	MTZ
2738	MUB
2739	MUE
2740	MUG
2741	MUJ
2742	MUM
2743	MUR
2744	MUZ
2745	MVB
2746	MVH
2747	MVL
2748	MVO
2749	MVQ
2750	MVT
2751	MVV
2752	MVY
2753	MWD
2754	MWG
2755	POA
2756	SOM
2757	SOO
2758	SOT
2759	SOW
2760	SOY
2761	SPC
2762	POZ
2763	MYA
2764	MYC
2765	MYG
2766	MYI
2767	MYM
2768	MYQ
2769	MYT
2770	MYV
2771	MYY
2772	MZB
2773	MZF
2774	MZI
2775	MZL
2776	MZO
2777	MZT
2778	MZX
2779	NAA
2780	NAG
2781	NAI
2782	NAL
2783	NAN
2784	NAP
2785	NAS
2786	NAU
2787	NBC
2788	NBX
2789	NCE
2790	NCI
2791	NCN
2792	NCY
2793	NDB
2794	NDE
2795	NDJ
2796	NDL
2797	NDS
2798	NDY
2799	NEC
2800	NRM
2801	NSH
2802	NSN
2803	NST
2804	NTI
2805	NTL
2806	NTO
2807	NTY
2808	NUE
2809	NUK
2810	NUR
2811	NUX
2812	NVR
2813	NVY
2814	NWI
2815	NYE
2816	NYK
2817	NYN
2818	NYU
2819	OAJ
2820	OAM
2821	OAX
2822	OBD
2823	OBM
2824	OBO
2825	OBX
2826	OCA
2827	OCE
2828	OCI
2829	OCV
2830	ODB
2831	ODJ
2832	ODR
2833	ODW
2834	OER
2835	OFK
2836	OGE
2837	OGN
2838	OGS
2839	OGX
2840	OHI
2841	OHT
2842	OIR
2843	OKB
2844	OKF
2845	OKI
2846	OKN
2847	OKQ
2848	OKU
2849	OLB
2850	OLH
2851	OLM
2852	OLP
2853	OMA
2854	OMC
2855	OME
2856	OMH
2857	OMO
2858	OMS
2859	ONB
2860	ONG
2861	ONO
2862	ONT
2863	ONX
2864	OOL
2865	OPA
2866	OPO
2867	OPU
2868	ORB
2869	ORH
2870	ORJ
2871	ORN
2872	ORP
2873	ORT
2874	ORV
2875	OSA
2876	OSD
2877	OSH
2878	OSL
2879	OSP
2880	OSS
2881	OSW
2882	OSZ
2883	OTC
2884	OTG
2885	OTL
2886	OTS
2887	OTY
2888	OUA
2889	OUG
2890	PEN
2891	PER
2892	PET
2893	PEZ
2894	PFJ
2895	PFR
2896	PGD
2897	PGH
2898	PGK
2899	PGV
2900	PHB
2901	PHE
2902	PHJ
2903	PHR
2904	PHX
2905	PIE
2906	PIN
2907	PIR
2908	PIT
2909	PIX
2910	PJC
2911	PKA
2912	PKC
2913	PKK
2914	PKP
2915	PKU
2916	PKZ
2917	PLD
2918	PLJ
2919	PLN
2920	PLQ
2921	PLW
2922	PLZ
2923	PMD
2924	PMK
2925	PMN
2926	PMQ
2927	PMV
2928	PMZ
2929	PNB
2930	PNF
2931	PNI
2932	PNL
2933	SOJ
2934	PNR
2935	PNY
2936	KMO
2937	KMQ
2938	KMU
2939	KMX
2940	KNA
2941	KNE
2942	KNH
2943	KNK
2944	KNQ
2945	KNU
2946	KNW
2947	KOA
2948	KOC
2949	KOE
2950	KOI
2951	KOM
2952	KOR
2953	KOT
2954	KOV
2955	KOY
2956	KPA
2957	KPC
2958	KPK
2959	KPN
2960	KPR
2961	KPV
2962	KQA
2963	KRE
2964	KRG
2965	KRJ
2966	KRN
2967	KRP
2968	KRS
2969	KRW
2970	KRZ
2971	KSB
2972	KSD
2973	KSG
2974	KSI
2975	KSL
2976	KSN
2977	LAH
2978	LAJ
2979	LAL
2980	LAO
2981	LAQ
2982	LAS
2983	LAX
2984	LAZ
2985	LBE
2986	LBI
2987	LBL
2988	LBQ
2989	LBU
2990	LBW
2991	LCD
2992	LCH
2993	LCO
2994	LCV
2995	LDB
2996	LDH
2997	LDN
2998	LDW
2999	LDZ
3000	LED
3001	LEH
3002	LEJ
3003	LEL
3004	LER
3005	LEU
3006	MWI
3007	LEX
3008	LFO
3009	LFR
3010	POF
3011	POI
3012	POM
3013	POP
3014	POS
3015	POW
3016	MXY
3017	LHP
3018	LIB
3019	LIG
3020	LII
3021	LIK
3022	LIO
3023	LIQ
3024	LIS
3025	LIX
3026	LJN
3027	LKA
3028	LKL
3029	LKO
3030	LLA
3031	LLI
3032	LLS
3033	LMB
3034	LMD
3035	LMI
3036	LMM
3037	LMP
3038	LNB
3039	LND
3040	LNG
3041	LNK
3042	LNO
3043	LNQ
3044	LNV
3045	LOA
3046	LOF
3047	LOM
3048	LOS
3049	LOZ
3050	LPB
3051	LPG
3052	LPK
3053	LPM
3054	LPP
3055	LPT
3056	LPW
3057	LRA
3058	LRD
3059	LRH
3060	LRQ
3061	LRU
3062	MAL
3063	MAN
3064	MAQ
3065	MAS
3066	MAV
3067	MAZ
3068	MBC
3069	MBE
3070	MBJ
3071	MBM
3072	MBQ
3073	MBS
3074	MBU
3075	MBX
3076	MCD
3077	MCH
3078	MCK
3079	MCM
3080	MCR
3081	MCV
3082	MCY
3083	MDC
3084	MDF
3085	MDH
3086	MDK
3087	MDM
3088	MDQ
3089	MDU
3090	MDX
3091	MEA
3092	MED
3093	MEH
3094	MEJ
3095	MEP
3096	MET
3097	MEV
3098	MEY
3099	MFB
3100	MFD
3101	MFG
3102	MFM
3103	MFO
3104	MFQ
3105	MFS
3106	MFZ
3107	MGB
3108	MGF
3109	MGH
3110	MGN
3111	MGQ
3112	MGT
3113	MGW
3114	MHA
3115	MHE
3116	MHH
3117	MHO
3118	MHT
3119	MHY
3120	MID
3121	MIH
3122	MIL
3123	MIN
3124	MIR
3125	MJA
3126	MJC
3127	MJE
3128	MJJ
3129	MJL
3130	MJN
3131	MJQ
3132	MJV
3133	MKA
3134	MKD
3135	MKG
3136	MKJ
3137	MKL
3138	MKN
3139	MKQ
3140	MKS
3141	MKW
3142	MLA
3143	MLC
3144	MLG
3145	MLI
3146	MLM
3147	MQN
3148	MQT
3149	MQX
3150	MRD
3151	MRK
3152	MRQ
3153	MRS
3154	MRY
3155	KMM
3156	GID
3157	GRW
3158	WEP
3159	WEW
3160	WFI
3161	WGA
3162	WGE
3163	WGP
3164	WHD
3165	WHK
3166	WHL
3167	WHT
3168	WIC
3169	WIN
3170	WIO
3171	WIU
3172	WJA
3173	WJR
3174	WKB
3175	WKI
3176	WKK
3177	WKN
3178	WKR
3179	WLC
3180	WLH
3181	WLK
3182	WLR
3183	WMA
3184	WMB
3185	WMD
3186	WME
3187	WMK
3188	WML
3189	WMO
3190	WMR
3191	WNA
3192	WNN
3193	WNP
3194	WNS
3195	WNU
3196	WOI
3197	WON
3198	WOT
3199	WPK
3200	WPO
3201	WRE
3202	WRG
3203	WRO
3204	WSA
3205	WSG
3206	WSH
3207	WSN
3208	WSO
3209	WSR
3210	WSU
3211	WSY
3212	WSZ
3213	WTD
3214	WTE
3215	WTL
3216	WTP
3217	WTS
3218	WUD
3219	WUN
3220	WUU
3221	WVB
3222	WVL
3223	WWK
3224	WWT
3225	WYA
3226	WYE
3227	WYN
3228	XAL
3229	XAP
3230	XAY
3231	XBB
3232	XBG
3233	XBJ
3234	XBN
3235	XBR
3236	XCH
3237	XCM
3238	XDE
3239	XGA
3240	XGL
3241	XKH
3242	XKS
3243	XLB
3244	XLS
3245	XLU
3246	XMC
3247	XMG
3248	XMH
3249	XMI
3250	XML
3251	XMS
3252	XMY
3253	XNU
3254	XPA
3255	XPK
3256	XQP
3257	XQU
3258	XRR
3259	XRY
3260	XSC
3261	XSE
3262	XSI
3263	XTG
3264	XTL
3265	XYA
3266	XYE
3267	XZA
3268	YAA
3269	YAC
3270	YAD
3271	YAF
3272	YAG
3273	YAI
3274	YAJ
3275	YAK
3276	YAL
3277	YAM
3278	YAO
3279	YAP
3280	YAQ
3281	YAT
3282	YAV
3283	YAY
3284	YAZ
3285	YBA
3286	YQW
3287	ZRI
3288	ZRJ
3289	ZSA
3290	ZSJ
3291	ZSS
3292	YRD
3293	YBJ
3294	YBK
3295	YBL
3296	YBM
3297	YBN
3298	YBQ
3299	YBR
3300	YBT
3301	YBV
3302	YBX
3303	YBY
3304	YCA
3305	YCB
3306	YCC
3307	YCD
3308	YCE
3309	YCF
3310	YCG
3311	YCH
3312	YCI
3313	YCJ
3314	YCK
3315	YCL
3316	YCM
3317	YCN
3318	YCO
3319	YCP
3320	YCQ
3321	YCR
3322	YCS
3323	YCT
3324	YCV
3325	YCX
3326	YCY
3327	YCZ
3328	YDA
3329	YDE
3330	YDF
3331	YDH
3332	YDJ
3333	YDK
3334	YDN
3335	YDO
3336	YDQ
3337	YDU
3338	YDW
3339	YDX
3340	YEA
3341	YEC
3342	YEK
3343	YEL
3344	YEN
3345	YEQ
3346	YER
3347	YEU
3348	YEV
3349	YFA
3350	YFC
3351	YFH
3352	YFL
3353	YFR
3354	YFX
3355	YGA
3356	YGC
3357	YGE
3358	YGJ
3359	YGK
3360	YGM
3361	YGO
3362	YGP
3363	YGR
3364	YGS
3365	YGV
3366	YGX
3367	YBG
3368	VRB
3369	YBH
3370	TTU
3371	TUA
3372	TUC
3373	TUD
3374	TUG
3375	TUJ
3376	TUL
3377	TUN
3378	TUP
3379	TUQ
3380	TUS
3381	TUV
3382	TUZ
3383	TVC
3384	TVF
3385	TVU
3386	TWA
3387	TWD
3388	TWF
3389	TWU
3390	TXG
3391	TXK
3392	TXM
3393	TXU
3394	TYL
3395	TYO
3396	TYR
3397	TZN
3398	UAE
3399	UAH
3400	UAK
3401	UAQ
3402	UAX
3403	UBB
3404	UBI
3405	UBS
3406	UBU
3407	UCN
3408	UCT
3409	UEE
3410	UEL
3411	UET
3412	UGC
3413	UGO
3414	UIB
3415	UIH
3416	UIK
3417	UIN
3418	UIP
3419	UIT
3420	UKI
3421	UKK
3422	UKU
3423	ULB
3424	ULD
3425	ULG
3426	ULN
3427	ULQ
3428	ULY
3429	UMD
3430	UMI
3431	UMU
3432	UND
3433	UNG
3434	UNK
3435	UNN
3436	UOL
3437	UOX
3438	UPG
3439	UPN
3440	UPR
3441	UQE
3442	URB
3443	URG
3444	URM
3445	URR
3446	URU
3447	URY
3448	USH
3449	USK
3450	USL
3451	USN
3452	USU
3453	UTB
3454	UTH
3455	UTN
3456	UTO
3457	UTT
3458	UUD
3459	UUU
3460	UVE
3461	UVL
3462	UYL
3463	UZU
3464	VAB
3465	VAG
3466	VAK
3467	VAO
3468	VAS
3469	VAU
3470	VAV
3471	VAW
3472	VAZ
3473	VBV
3474	VBY
3475	VCB
3476	VCD
3477	VCE
3478	VCF
3479	VCH
3480	VCT
3481	VDB
3482	VDC
3483	VDE
3484	VDM
3485	VDP
3486	VDR
3487	VDS
3488	VDZ
3489	VEE
3490	VEG
3491	VEJ
3492	VEL
3493	VER
3494	VEV
3495	VEY
3496	VFA
3497	VGA
3498	VGO
3499	VGS
3500	VGZ
3501	VHC
3502	VHM
3503	VHY
3504	VHZ
3505	VIA
3506	VID
3507	VIE
3508	VIG
3509	VII
3510	VIJ
3511	VIL
3512	VIS
3513	VIT
3514	VIU
3515	VIV
3516	VIX
3517	VIZ
3518	VKG
3519	VKT
3520	VLC
3521	VLD
3522	VLG
3523	VLI
3524	VLL
3525	VLM
3526	VLN
3527	VLP
3528	VLS
3529	VLV
3530	VME
3531	VMU
3532	VNA
3533	VNE
3534	VNG
3535	VNO
3536	VNR
3537	VNS
3538	VNX
3539	VOG
3540	VOH
3541	YBC
3542	VOI
3543	VOL
3544	VOZ
3545	VPE
3546	YQX
3547	YQY
3548	YQZ
3549	YRA
3550	YRB
3551	YBI
3552	VRC
3553	VRE
3554	VRK
3555	VRL
3556	VRN
3557	VRU
3558	VSA
3559	VSE
3560	VST
3561	VTF
3562	VTU
3563	VTZ
3564	VVB
3565	VVC
3566	VVO
3567	VXC
3568	VXO
3569	VYD
3570	WAA
3571	WAC
3572	WAE
3573	WAG
3574	WAK
3575	WAO
3576	WAQ
3577	WAT
3578	WAV
3579	WAZ
3580	WBB
3581	WBC
3582	WBE
3583	WBM
3584	WBO
3585	WBR
3586	WCR
3587	WDB
3588	WDH
3589	SXO
3590	SXQ
3591	SXR
3592	SXT
3593	SXU
3594	SXX
3595	SYA
3596	SYE
3597	SYO
3598	SYU
3599	SYZ
3600	SZC
3601	SZK
3602	SZQ
3603	SZS
3604	TAB
3605	TAE
3606	TAH
3607	TAI
3608	TAK
3609	TAM
3610	TAP
3611	TAR
3612	TAT
3613	TAV
3614	TAW
3615	TAZ
3616	TBD
3617	TBF
3618	TBG
3619	TBI
3620	TSV
3621	TTS
3622	VPS
3623	VPY
3624	VPZ
3625	VQS
3626	VRA
3627	TCF
3628	TCI
3629	TCK
3630	TCO
3631	TCP
3632	TCT
3633	TCW
3634	TDA
3635	TDD
3636	TDJ
3637	TDL
3638	TED
3639	TEF
3640	TEI
3641	TEK
3642	TEO
3643	TER
3644	TEU
3645	TEY
3646	TEZ
3647	TFF
3648	TFL
3649	TGD
3650	TGF
3651	TGH
3652	TGI
3653	TGL
3654	TGM
3655	TGT
3656	TGU
3657	TGZ
3658	THB
3659	THE
3660	THH
3661	THK
3662	THL
3663	THO
3664	THS
3665	THT
3666	THY
3667	TIA
3668	TID
3669	TIE
3670	TIG
3671	TII
3672	TIJ
3673	TIN
3674	TIO
3675	TIQ
3676	TIS
3677	TIU
3678	TIY
3679	TJA
3680	TJH
3681	TJK
3682	TJN
3683	TJS
3684	TJV
3685	TKB
3686	TKC
3687	TKE
3688	TKI
3689	TKJ
3690	TKM
3691	TKP
3692	TKQ
3693	TKS
3694	TKT
3695	TKU
3696	TKV
3697	TKW
3698	TKX
3699	TKY
3700	TLA
3701	TLB
3702	TLC
3703	TLE
3704	TLG
3705	TLH
3706	TLI
3707	TLK
3708	TLL
3709	TLM
3710	TLN
3711	TLO
3712	TLP
3713	TLS
3714	TLT
3715	TLU
3716	TLV
3717	TLW
3718	TLZ
3719	TMC
3720	TMD
3721	TME
3722	TMG
3723	TMH
3724	TMI
3725	TMJ
3726	TML
3727	TMM
3728	TMN
3729	TMO
3730	TMP
3731	TMR
3732	TMS
3733	TMT
3734	TMU
3735	TMW
3736	TMX
3737	TMY
3738	TNB
3739	TNC
3740	TNE
3741	TNF
3742	TNG
3743	TNI
3744	TNJ
3745	TNK
3746	TNN
3747	TNO
3748	TNR
3749	TNS
3750	TNX
3751	TOB
3752	TOD
3753	TOE
3754	TOF
3755	TOG
3756	TOH
3757	TOK
3758	TOL
3759	TOM
3760	TON
3761	TOP
3762	TOS
3763	TOU
3764	TOV
3765	TOW
3766	TOY
3767	TOZ
3768	TPA
3769	TPC
3770	TPE
3771	TPI
3772	TPJ
3773	TPK
3774	TPL
3775	TPN
3776	TPP
3777	TPQ
3778	TPR
3779	TPS
3780	TQS
3781	TRA
3782	TRB
3783	TRD
3784	TRE
3785	TRG
3786	TRI
3787	TRK
3788	TRN
3789	TRR
3790	TRU
3791	TRW
3792	TRY
3793	TSB
3794	TSC
3795	VPN
3796	TSE
3797	TSH
3798	TSJ
3799	TSM
3800	TST
3801	YBD
3802	YBE
3803	YBF
3804	SGX
3805	SGY
3806	SHB
3807	SHC
3808	SHH
3809	SHI
3810	SHK
3811	SHM
3812	SHO
3813	SHR
3814	SHT
3815	SHW
3816	SHX
3817	SHZ
3818	SIC
3819	SIF
3820	SII
3821	SIJ
3822	SIM
3823	SIO
3824	SIQ
3825	SIR
3826	SIT
3827	SIX
3828	SJB
3829	SJC
3830	SJE
3831	SJF
3832	SJI
3833	SJJ
3834	SJL
3835	SJO
3836	SJP
3837	SJT
3838	SJV
3839	SJY
3840	SKB
3841	SKC
3842	SKE
3843	SKG
3844	SKI
3845	SKK
3846	SKL
3847	SKO
3848	SKP
3849	SKR
3850	SKU
3851	SKW
3852	SKX
3853	SLA
3854	SLD
3855	SLE
3856	SLH
3857	SLK
3858	SLM
3859	SLP
3860	SLS
3861	SLT
3862	SLV
3863	SLX
3864	SLY
3865	SMA
3866	SMH
3867	SMI
3868	SMK
3869	SMM
3870	SMP
3871	SMR
3872	SMV
3873	SMW
3874	SMY
3875	SNA
3876	SNB
3877	TBN
3878	TSW
3879	TTB
3880	TCD
3881	TTG
3882	TTN
3883	TTQ
3884	SNS
3885	SNV
3886	SNY
3887	SOC
3888	SOF
3889	SOI
3890	SOK
3891	SOL
3892	SON
3893	SOP
3894	SOQ
3895	SOU
3896	SOV
3897	SOX
3898	SPA
3899	SPD
3900	SPE
3901	SPH
3902	SPJ
3903	SPK
3904	SPP
3905	SPR
3906	SPS
3907	SPW
3908	SPZ
3909	SQG
3910	SQH
3911	SQJ
3912	SQK
3913	SQN
3914	SQO
3915	SQR
3916	SQT
3917	SQU
3918	SQV
3919	SQW
3920	SRA
3921	SRD
3922	SRE
3923	SRF
3924	SRG
3925	SRH
3926	SRI
3927	SRJ
3928	SRM
3929	SRN
3930	SRP
3931	SRQ
3932	SRT
3933	SRV
3934	SRX
3935	SRY
3936	SRZ
3937	SSA
3938	SSC
3939	SSD
3940	SSE
3941	SSG
3942	SSH
3943	SSI
3944	SSJ
3945	SSK
3946	SSL
3947	SSM
3948	SSO
3949	SSQ
3950	SSR
3951	SSS
3952	SSX
3953	SSY
3954	SSZ
3955	STA
3956	STB
3957	STC
3958	STD
3959	STE
3960	STG
3961	STI
3962	STL
3963	STM
3964	STO
3965	STQ
3966	STR
3967	STS
3968	STT
3969	STV
3970	STW
3971	STX
3972	STY
3973	STZ
3974	SUB
3975	SUE
3976	SUF
3977	SUG
3978	SUH
3979	SUI
3980	SUJ
3981	SUL
3982	SUN
3983	SUQ
3984	SUR
3985	SUT
3986	SUV
3987	SUX
3988	SUY
3989	SUZ
3990	SVA
3991	SVB
3992	SVC
3993	SVD
3994	SVF
3995	SVG
3996	SVI
3997	SVJ
3998	SVL
3999	SVM
4000	SVP
4001	SVQ
4002	SVS
4003	SVU
4004	SVX
4005	SVY
4006	SVZ
4007	SWB
4008	SWE
4009	SWG
4010	SWH
4011	SWO
4012	SWP
4013	SWR
4014	SWT
4015	SWY
4016	SXB
4017	SXE
4018	SXG
4019	SXK
4020	CPU
4021	CPX
4022	CQP
4023	CRA
4024	CRC
4025	CRF
4026	CRI
4027	CRN
4028	CRP
4029	CRS
4030	CRV
4031	CRX
4032	CRZ
4033	CSC
4034	CSE
4035	CSI
4036	CSL
4037	CSO
4038	CSR
4039	CST
4040	CTA
4041	CTD
4042	CTG
4043	CTI
4044	CTN
4045	CTP
4046	CTT
4047	CTX
4048	CUA
4049	CUF
4050	CUH
4051	CUJ
4052	CUL
4053	CUO
4054	CUQ
4055	CUS
4056	CUU
4057	CUY
4058	CVB
4059	CVE
4060	CVH
4061	CVJ
4062	CVN
4063	CVQ
4064	CWA
4065	CWP
4066	CWT
4067	CXA
4068	CXF
4069	CXJ
4070	DHA
4071	DHI
4072	DIE
4073	DIL
4074	DIO
4075	DIR
4076	DIU
4077	DJA
4078	DJE
4079	DJM
4080	DJO
4081	DKR
4082	DLA
4083	DLG
4084	DLI
4085	DLL
4086	DLV
4087	DMB
4088	DMU
4089	DND
4090	DNM
4091	DNP
4092	DNR
4093	DNV
4094	DOD
4095	DOF
4096	DOH
4097	DON
4098	DOP
4099	DOU
4100	DPL
4101	DPS
4102	DRE
4103	DRR
4104	DRT
4105	DSC
4106	DSE
4107	DTA
4108	DTE
4109	DTM
4110	DTT
4111	DUE
4112	DUJ
4113	DUQ
4114	DUT
4115	DVO
4116	DWB
4117	DYR
4118	DYW
4119	DZN
4120	EAE
4121	EAR
4122	EAT
4123	EBB
4124	EBG
4125	EBU
4126	ECG
4127	ECO
4128	EDI
4129	EDM
4130	EDR
4131	EEN
4132	EFL
4133	EGC
4134	EGN
4135	EGS
4136	EHL
4137	EIA
4138	EIH
4139	EIY
4140	EKB
4141	EKE
4142	EKN
4143	EKX
4144	ELC
4145	ELF
4146	ELH
4147	ELL
4148	ELO
4149	ELS
4150	ELV
4151	ELY
4152	EMD
4153	EMK
4154	EMO
4155	FBD
4156	FBM
4157	FDE
4158	FDH
4159	FEB
4160	FEZ
4161	FFT
4162	FHU
4163	FID
4164	FIL
4165	FJR
4166	FKL
4167	FKS
4168	FLF
4169	FLI
4170	FLM
4171	ISI
4172	LGH
4173	LGL
4174	LGO
4175	LGQ
4176	IUL
4177	LGX
4178	LHE
4179	FNJ
4180	FNR
4181	FOA
4182	FOD
4183	FOM
4184	FOR
4185	FOY
4186	FPR
4187	FRC
4188	FRE
4189	FRJ
4190	FRL
4191	FRO
4192	FRQ
4193	FRU
4194	FSD
4195	FSP
4196	FTU
4197	FUE
4198	FUK
4199	FUN
4200	FWA
4201	FWM
4202	FYU
4203	GAA
4204	GAF
4205	GAJ
4206	GAM
4207	GAQ
4208	GAR
4209	GAW
4210	GAY
4211	GBA
4212	GBD
4213	GBG
4214	GBK
4215	GBU
4216	GBZ
4217	GCK
4218	GDD
4219	GDL
4220	GDP
4221	GDV
4222	GDZ
4223	GEG
4224	GEO
4225	GET
4226	GEW
4227	GFE
4228	GFK
4229	GFO
4230	GGC
4231	GGG
4232	GGR
4233	GGT
4234	GHB
4235	GHE
4236	GIB
4237	BDV
4238	BDX
4239	BDZ
4240	BED
4241	BEF
4242	BEI
4243	BEK
4244	BEM
4245	BEP
4246	BES
4247	BEV
4248	BEX
4249	CMX
4250	BEZ
4251	BFB
4252	BFE
4253	FLT
4254	FLX
4255	FMA
4256	FMI
4257	FMS
4258	FNA
4259	CNS
4260	BGI
4261	BKK
4262	BKN
4263	BKQ
4264	BKT
4265	BKW
4266	BKZ
4267	BLB
4268	BLD
4269	BLG
4270	BLI
4271	BLL
4272	BLN
4273	BLP
4274	BLS
4275	BLU
4276	BLX
4277	BLZ
4278	BMD
4279	BMF
4280	BMH
4281	BMJ
4282	BMM
4283	BMO
4284	BMQ
4285	BMS
4286	BMW
4287	BMZ
4288	BNB
4289	BNE
4290	BNG
4291	BNJ
4292	BNL
4293	BNO
4294	BNQ
4295	BNS
4296	BNU
4297	BNX
4298	BOA
4299	BOC
4300	BOG
4301	BOI
4302	BOK
4303	BON
4304	BOP
4305	BOR
4306	BOT
4307	BOV
4308	BOY
4309	BPB
4310	BPD
4311	BPF
4312	BPH
4313	BPN
4314	BPU
4315	BQA
4316	BQE
4317	BQL
4318	BQO
4319	BQS
4320	BQW
4321	BRC
4322	BRE
4323	BRH
4324	BRJ
4325	BRL
4326	BRO
4327	BRR
4328	BRT
4329	BRW
4330	BRY
4331	BSB
4332	BSG
4333	BSI
4334	BSK
4335	BSO
4336	BSQ
4337	BSS
4338	BSU
4339	BSX
4340	BSZ
4341	BTC
4342	BTE
4343	BTG
4344	BTJ
4345	BTM
4346	BTO
4347	BTQ
4348	BTT
4349	BYB
4350	BYD
4351	BYI
4352	BYL
4353	BYT
4354	BYW
4355	BZA
4356	BZD
4357	BZG
4358	BZL
4359	BZO
4360	BZR
4361	BZV
4362	BZZ
4363	CAC
4364	CAF
4365	CAH
4366	CAJ
4367	CAM
4368	CAO
4369	CAQ
4370	CAT
4371	CAV
4372	CAY
4373	CBA
4374	CBD
4375	CBG
4376	CBI
4377	CBN
4378	CBP
4379	CBR
4380	CBW
4381	CBZ
4382	CCB
4383	CCG
4384	CCI
4385	CCK
4386	CCN
4387	CCQ
4388	CCT
4389	CCV
4390	CCY
4391	CDB
4392	CDE
4393	CDJ
4394	CDO
4395	CDQ
4396	CDS
4397	CDW
4398	CEB
4399	CED
4400	CEG
4401	CEI
4402	CEL
4403	CEO
4404	CEQ
4405	CET
4406	CEV
4407	CEY
4408	CFA
4409	CFG
4410	CFI
4411	CFP
4412	CFT
4413	CGB
4414	CGE
4415	CGI
4416	CGT
4417	CGY
4418	CHC
4419	CHK
4420	CHM
4421	CHP
4422	CHS
4423	CHV
4424	CHX
4425	CIC
4426	CMS
4427	CMU
4428	FLO
4429	ISM
4430	ISO
4431	ISW
4432	ITH
4433	ITK
4434	ITQ
4435	FNG
4436	CNU
4437	CNX
4438	COA
4439	COC
4440	COF
4441	COI
4442	COK
4443	COM
4444	COO
4445	COS
4446	COU
4447	COX
4448	COZ
4449	CPC
4450	CPG
4451	CPM
4452	CPO
4453	YZP
4454	YZR
4455	YZT
4456	YZU
4457	YZW
4458	ZAA
4459	ZAC
4460	ZAG
4461	ZAL
4462	ZAO
4463	ZAR
4464	ZAV
4465	ZAZ
4466	ZBE
4467	ZBJ
4468	ZBK
4469	ZBM
4470	ZBQ
4471	ZBU
4472	ZBV
4473	ZBX
4474	ZCB
4475	ZCC
4476	ZCO
4477	ZDL
4478	ZDM
4479	ZEC
4480	ZEL
4481	ZEO
4482	ZET
4483	ZFA
4484	ZFD
4485	ZFE
4486	ZFM
4487	ZFN
4488	ZFO
4489	ZGF
4490	ZGJ
4491	ZGK
4492	ZGM
4493	ZGP
4494	ZGR
4495	ZGU
4496	ZGV
4497	ZHM
4498	ZHP
4499	ZHX
4500	ZIH
4501	ZKB
4502	ZKE
4503	ZLG
4504	ZLT
4505	ZMT
4506	ZND
4507	ZNU
4508	ZOF
4509	ZOS
4510	BFJ
4511	CNA
4512	CNC
4513	CNG
4514	CNK
4515	CNM
4516	CNP
4517	BGF
4518	ZTH
4519	ZTM
4520	ZUC
4521	ZUM
4522	ZVK
4523	ZWA
4524	ZYL
4525	ZYO
4526	ZZV
4527	AFL
4528	AFR
4529	AFY
4530	AGB
4531	AGF
4532	AGH
4533	AGJ
4534	AGM
4535	AGO
4536	AGQ
4537	AGT
4538	AGW
4539	AGZ
4540	AHI
4541	AHN
4542	AHS
4543	AHU
4544	AIA
4545	AIC
4546	AIE
4547	AII
4548	AIL
4549	AIO
4550	AIR
4551	AIU
4552	AIZ
4553	AJI
4554	AJL
4555	AJO
4556	AJS
4557	AJY
4558	AKD
4559	AKF
4560	AKI
4561	AKK
4562	AKM
4563	AKP
4564	AKS
4565	AKV
4566	AKY
4567	ALB
4568	ALE
4569	ALG
4570	ALJ
4571	ALM
4572	ALP
4573	ALR
4574	ALU
4575	ALY
4576	AMA
4577	AMD
4578	AMF
4579	AMH
4580	AML
4581	AMP
4582	AMS
4583	AMU
4584	AMX
4585	AMZ
4586	ANB
4587	ANE
4588	ANG
4589	ANJ
4590	ANL
4591	ANN
4592	ANQ
4593	ANS
4594	ANW
4595	ANZ
4596	AOB
4597	AOJ
4598	AOL
4599	AOS
4600	APB
4601	APE
4602	API
4603	APL
4604	APO
4605	APR
4606	APT
4607	APW
4608	APZ
4609	AQJ
4610	AQP
4611	AQY
4612	ARC
4613	ARF
4614	ARI
4615	AVF
4616	AVI
4617	AVO
4618	AVV
4619	AWA
4620	AWD
4621	AWH
4622	AWN
4623	AWR
4624	AXA
4625	AXD
4626	AXL
4627	AXP
4628	AXS
4629	AXV
4630	AYA
4631	AYD
4632	AYI
4633	AYL
4634	AYP
4635	AYS
4636	AYU
4637	AYY
4638	AZD
4639	AZN
4640	AZR
4641	AZZ
4642	BAE
4643	BAH
4644	BAJ
4645	BAL
4646	BAN
4647	BAQ
4648	BAT
4649	BAW
4650	BAY
4651	BBB
4652	BBD
4653	BBF
4654	BBI
4655	BBL
4656	BBN
4657	BBQ
4658	BBT
4659	BBW
4660	BBZ
4661	BCB
4662	BCE
4663	BCG
4664	BCI
4665	BCL
4666	BCO
4667	BCQ
4668	BCS
4669	BCV
4670	BCX
4671	BDA
4672	BDC
4673	BDI
4674	BDO
4675	BDQ
4676	BDS
4677	YGY
4678	YHA
4679	YHB
4680	YHD
4681	YHE
4682	YHG
4683	YHK
4684	YHM
4685	YHO
4686	YHS
4687	YHY
4688	YIB
4689	YIF
4690	YIV
4691	YJA
4692	YJF
4693	YJO
4694	YJT
4695	YKA
4696	YKE
4697	YKF
4698	YKJ
4699	YKL
4700	YKM
4701	YKQ
4702	YKT
4703	YKU
4704	YKY
4705	YLC
4706	YLE
4707	YLH
4708	YLJ
4709	YLL
4710	YLR
4711	YLW
4712	YMA
4713	YMB
4714	YMG
4715	YMI
4716	YMJ
4717	YMM
4718	YMN
4719	YMP
4720	YMS
4721	YNA
4722	YNB
4723	YND
4724	YNG
4725	YNH
4726	YNK
4727	YNM
4728	YNO
4729	YNS
4730	YOD
4731	YOE
4732	YOH
4733	YOK
4734	YOO
4735	YOS
4736	YOW
4737	YPB
4738	YPC
4739	YPE
4740	YPF
4741	YPH
4742	YPI
4743	YPJ
4744	YPM
4745	YPO
4746	YPP
4747	YPR
4748	YPS
4749	YPW
4750	YPX
4751	YPZ
4752	YQA
4753	YQC
4754	YQE
4755	YQF
4756	YQH
4757	YQI
4758	YQK
4759	YQL
4760	YQM
4761	YQQ
4762	YQR
4763	YQS
4764	YQT
4765	YQU
4766	YQV
4767	ZQN
4768	BFN
4769	BFQ
4770	BFS
4771	BFV
4772	ZTA
4773	BGA
4774	BGD
4775	YRF
4776	YRG
4777	YRI
4778	YRJ
4779	YRL
4780	YRM
4781	YRN
4782	YRQ
4783	YRR
4784	YRS
4785	YRT
4786	YRV
4787	YSA
4788	YSB
4789	YSC
4790	YSD
4791	YSE
4792	YSF
4793	YSG
4794	YSH
4795	YSI
4796	YSJ
4797	YSK
4798	YSL
4799	YSM
4800	YSN
4801	YSO
4802	YSP
4803	YSQ
4804	YSR
4805	YSS
4806	YST
4807	YSU
4808	YSV
4809	YSX
4810	YSY
4811	YSZ
4812	YTA
4813	YTB
4814	YTC
4815	YTD
4816	YTE
4817	YTF
4818	YTG
4819	YTH
4820	YTI
4821	YTJ
4822	YTK
4823	YTL
4824	YTN
4825	YTO
4826	YTQ
4827	YTR
4828	YTS
4829	YTT
4830	YTU
4831	YTX
4832	YUB
4833	YUD
4834	YUE
4835	YUF
4836	YUJ
4837	YUM
4838	YUN
4839	YUT
4840	YUX
4841	YUY
4842	YVA
4843	YVB
4844	YVC
4845	YVD
4846	YVE
4847	YVG
4848	YVN
4849	YVO
4850	YVQ
4851	YVT
4852	YVV
4853	YWA
4854	YWG
4855	YWJ
4856	YWL
4857	YWM
4858	YWO
4859	YWR
4860	YWY
4861	YXC
4862	YXF
4863	YXJ
4864	YXK
4865	YXN
4866	YXP
4867	YXR
4868	YXS
4869	YXU
4870	YXY
4871	YXZ
4872	YYB
4873	YYC
4874	YYE
4875	YYG
4876	YYH
4877	YYJ
4878	YYM
4879	YYQ
4880	YYR
4881	YYU
4882	YYY
4883	YZC
4884	YZF
4885	YZG
4886	YZL
4887	WEI
4888	LXV
4889	KBC
4890	KBE
4891	KTR
4892	LPL
4893	LPO
4894	LPQ
4895	LPS
4896	LPU
4897	KUD
4898	LPY
4899	KBT
4900	KBX
4901	KBY
4902	KBZ
4903	KCC
4904	KCE
4905	KCH
4906	KCL
4907	KCM
4908	KCN
4909	KCU
4910	KCZ
4911	KDA
4912	KDB
4913	KDC
4914	KDD
4915	KDE
4916	KDH
4917	KDI
4918	KDJ
4919	KDL
4920	KDM
4921	KDN
4922	KDO
4923	KDP
4924	KDQ
4925	KDR
4926	KDS
4927	KDU
4928	KDV
4929	KEA
4930	KED
4931	KEH
4932	KEJ
4933	KEL
4934	KEN
4935	KEP
4936	KER
4937	KES
4938	KEV
4939	KFA
4940	KFP
4941	KGA
4942	KGC
4943	KGE
4944	KGF
4945	KGH
4946	KGJ
4947	KGK
4948	KGM
4949	KGU
4950	KGX
4951	KHI
4952	KHK
4953	KHM
4954	KHS
4955	KHV
4956	KIB
4957	KID
4958	KIE
4959	KIG
4960	KIJ
4961	KIM
4962	KIO
4963	KIQ
4964	KIS
4965	KIU
4966	KIV
4967	KIY
4968	KJA
4969	KJP
4970	KJU
4971	KKB
4972	KKD
4973	KKE
4974	KKH
4975	KKJ
4976	KKK
4977	KKO
4978	KKU
4979	KKW
4980	KKZ
4981	KLA
4982	KLC
4983	KLG
4984	KLK
4985	KLL
4986	KLO
4987	KLU
4988	KLV
4989	KLX
4990	KLZ
4991	KMB
4992	KMF
4993	KMI
4994	KMK
4995	KML
4996	KMN
4997	KMP
4998	KMR
4999	KMS
5000	KMV
5001	KMY
5002	KMZ
5003	KNB
5004	KND
5005	KNG
5006	KNJ
5007	KNM
5008	KNN
5009	KNS
5010	KNV
5011	KNX
5012	KNZ
5013	KOB
5014	KOD
5015	KOH
5016	KOJ
5017	KOK
5018	KOO
5019	KOP
5020	KOS
5021	KOU
5022	KOX
5023	KOZ
5024	KPB
5025	KPE
5026	KPI
5027	KPM
5028	KPO
5029	KPP
5030	KPS
5031	KPT
5032	KPY
5033	KQL
5034	KRB
5035	KRF
5036	KRI
5037	KRK
5038	KRO
5039	KRR
5040	KRT
5041	KRU
5042	KRX
5043	KSA
5044	KSC
5045	KSE
5046	KSF
5047	KSH
5048	KSJ
5049	KSK
5050	KSM
5051	KSO
5052	KSQ
5053	KST
5054	KSU
5055	KSW
5056	KSY
5057	KSZ
5058	KTA
5059	KTB
5060	KTD
5061	KTE
5062	KTF
5063	KTG
5064	KTK
5065	KTL
5066	KTM
5067	LPI
5068	KTN
5069	KTO
5070	MGV
5071	MGX
5072	MGZ
5073	MHD
5074	MHF
5075	LQM
5076	KUF
5077	KUG
5078	KUH
5079	KUK
5080	KUL
5081	KUM
5082	KUN
5083	KUO
5084	KUP
5085	KUQ
5086	KUS
5087	KUT
5088	KUU
5089	KUV
5090	KUW
5091	KVA
5092	KVB
5093	KVC
5094	KVE
5095	KVG
5096	KVK
5097	KVL
5098	KVU
5099	KVX
5100	KWA
5101	KWF
5102	KWH
5103	KWI
5104	KWJ
5105	RAT
5106	RAW
5107	RAX
5108	RAZ
5109	RBC
5110	RBF
5111	RBG
5112	RBI
5113	RBJ
5114	RBO
5115	RBQ
5116	RBR
5117	RBV
5118	RCB
5119	RCH
5120	RCL
5121	RCN
5122	RCO
5123	RCU
5124	RDC
5125	RDD
5126	RDG
5127	RDS
5128	RDT
5129	RDV
5130	REA
5131	REG
5132	REL
5133	REN
5134	RES
5135	REU
5136	REX
5137	RFD
5138	RFN
5139	RFR
5140	RGA
5141	RGH
5142	RGL
5143	RGN
5144	RHA
5145	RHE
5146	RHI
5147	RHP
5148	RIB
5149	RIC
5150	RIF
5151	RIJ
5152	RIK
5153	RIN
5154	RIS
5155	RIT
5156	RIX
5157	RIY
5158	RJH
5159	RJK
5160	RKD
5161	RKS
5162	RKU
5163	RKY
5164	RLG
5165	RLT
5166	RMA
5167	RMD
5168	RMK
5169	RMP
5170	RNE
5171	RNI
5172	RNL
5173	RNN
5174	RNR
5175	RNU
5176	ROC
5177	ROH
5178	ROK
5179	ROM
5180	ROO
5181	ROR
5182	ROT
5183	ROU
5184	ROW
5185	RPM
5186	RPR
5187	RPV
5188	RRI
5189	RRK
5190	RRS
5191	RRT
5192	RSB
5193	RSD
5194	RSH
5195	RSJ
5196	RSS
5197	RSU
5198	RTA
5199	RTC
5200	RTI
5201	RTP
5202	RTS
5203	RUA
5204	RUH
5205	RUM
5206	RUR
5207	RUS
5208	RUV
5209	RVC
5210	RVE
5211	RVN
5212	RVY
5213	RWI
5214	RWP
5215	RYK
5216	RYN
5217	RZA
5218	RZR
5219	RZZ
5220	SAB
5221	SAF
5222	SND
5223	TBP
5224	TBS
5225	TBU
5226	SNR
5227	TBZ
5228	TCB
5229	SAT
5230	SAU
5231	SAV
5232	SAX
5233	SAY
5234	SAZ
5235	SBA
5236	SBC
5237	SBE
5238	SBG
5239	SBH
5240	SBI
5241	SBK
5242	SBL
5243	SBM
5244	SBN
5245	SBO
5246	SBQ
5247	SBR
5248	SBS
5249	SBU
5250	SBW
5251	SBY
5252	SBZ
5253	SCC
5254	SCE
5255	SCG
5256	SCJ
5257	SCK
5258	SCL
5259	SCM
5260	SCN
5261	SCO
5262	SCQ
5263	SCT
5264	SCU
5265	SCV
5266	SCW
5267	SCX
5268	SCY
5269	SCZ
5270	SDD
5271	SDE
5272	SDI
5273	SDJ
5274	SDK
5275	SDL
5276	SDN
5277	SDP
5278	SDQ
5279	SDR
5280	SDS
5281	SDT
5282	SDX
5283	SDY
5284	SDZ
5285	SEA
5286	SEB
5287	SED
5288	SEH
5289	SEI
5290	SEL
5291	SEN
5292	SEO
5293	SEY
5294	SEZ
5295	SFA
5296	SFD
5297	SFE
5298	SFG
5299	SFH
5300	SFJ
5301	SFL
5302	SFN
5303	SFO
5304	SFQ
5305	SFS
5306	SFT
5307	SFU
5308	SFW
5309	SFY
5310	SGA
5311	SGC
5312	SGD
5313	SGE
5314	SGF
5315	SGH
5316	SGJ
5317	SGK
5318	SGO
5319	SGU
5320	PEM
5321	PEP
5322	PES
5323	PEU
5324	PEW
5325	PFB
5326	PFN
5327	PFO
5328	PGA
5329	PGE
5330	PGF
5331	PGI
5332	PGM
5333	PGS
5334	PGX
5335	PGZ
5336	PHC
5337	PHF
5338	PHI
5339	PHL
5340	PHO
5341	PHS
5342	PHW
5343	PIA
5344	PIC
5345	PIF
5346	PIH
5347	PIP
5348	PIS
5349	PIU
5350	PIW
5351	PIZ
5352	PJB
5353	PJG
5354	PJM
5355	PJS
5356	PKB
5357	PKE
5358	PKG
5359	PKH
5360	PKN
5361	PKO
5362	PKR
5363	PKW
5364	PKY
5365	PLB
5366	PLF
5367	PLH
5368	PLM
5369	PLO
5370	PLP
5371	PLS
5372	PLX
5373	PMA
5374	PMC
5375	PMG
5376	PMI
5377	PML
5378	PMO
5379	PMP
5380	PMR
5381	PMW
5382	PMY
5383	PNA
5384	PNC
5385	PND
5386	PNG
5387	PNH
5388	PNK
5389	PNP
5390	PNQ
5391	PNS
5392	PNX
5393	PNZ
5394	POD
5395	POE
5396	POG
5397	POH
5398	POL
5399	PON
5400	POO
5401	POQ
5402	POR
5403	POT
5404	POU
5405	POX
5406	POY
5407	PPB
5408	PPF
5409	PPG
5410	PPK
5411	PPL
5412	PPP
5413	PPS
5414	PPT
5415	PPV
5416	PPX
5417	PPY
5418	PQC
5419	PQI
5420	PQQ
5421	PRA
5422	PRB
5423	PRF
5424	PRH
5425	PRI
5426	PRL
5427	PRN
5428	PRQ
5429	PRS
5430	PRX
5431	PSA
5432	PSC
5433	PSD
5434	PSF
5435	PSH
5436	PSI
5437	PSM
5438	PSP
5439	PSS
5440	PSV
5441	PSW
5442	PSZ
5443	PTA
5444	PTC
5445	PTD
5446	PTE
5447	PTF
5448	PTG
5449	PTH
5450	PTI
5451	PTJ
5452	PTM
5453	PTN
5454	PTO
5455	PTP
5456	PTU
5457	PTX
5458	PTY
5459	PUA
5460	PUB
5461	PUC
5462	PUD
5463	PUE
5464	PUF
5465	PUG
5466	PUJ
5467	PUK
5468	PUL
5469	PUM
5470	PUN
5471	PUO
5472	PUQ
5473	PUS
5474	SAH
5475	SNE
5476	SNG
5477	SNI
5478	SNM
5479	SNO
5480	SAQ
5481	PVC
5482	PVD
5483	PVE
5484	PVF
5485	PVH
5486	PVI
5487	PVK
5488	PVN
5489	PVO
5490	PVR
5491	PVU
5492	PWE
5493	PWI
5494	PWL
5495	PWM
5496	PWQ
5497	PWT
5498	PXL
5499	PXM
5500	PXO
5501	PXU
5502	PYA
5503	PYB
5504	PYC
5505	PYE
5506	PYH
5507	PYJ
5508	PYM
5509	PYN
5510	PYO
5511	PYR
5512	PYV
5513	PYX
5514	PZA
5515	PZB
5516	PZE
5517	PZH
5518	PZO
5519	PZU
5520	PZY
5521	QBC
5522	QRO
5523	RAA
5524	RAB
5525	RAE
5526	RAF
5527	RAG
5528	RAH
5529	RAI
5530	RAJ
5531	RAK
5532	RAM
5533	RAP
5534	RAQ
5535	RAS
5536	NPL
5537	NPT
5538	NQL
5539	NQN
5540	NQU
5541	NQY
5542	NRA
5543	NRD
5544	NRK
5545	NRL
5546	NSA
5547	NSK
5548	NSM
5549	NSO
5550	NTA
5551	NTE
5552	PDA
5553	NTJ
5554	NTM
5555	PUU
5556	PUV
5557	PUW
5558	PUY
5559	PUZ
5560	PDP
5561	NUT
5562	NVA
5563	NVK
5564	NVT
5565	NWA
5566	NWT
5567	NYC
5568	NYI
5569	NYM
5570	NYO
5571	NZE
5572	OAG
5573	OAK
5574	OAL
5575	OAN
5576	OBC
5577	OBF
5578	OBN
5579	OBS
5580	OBU
5581	OBY
5582	OCC
5583	OCF
5584	OCH
5585	OCJ
5586	ODA
5587	ODD
5588	ODE
5589	ODL
5590	ODN
5591	ODY
5592	OEC
5593	OES
5594	OFJ
5595	OFU
5596	OGG
5597	OGL
5598	OGO
5599	OGR
5600	OGV
5601	OGZ
5602	OHD
5603	OHR
5604	OIM
5605	OIT
5606	OKA
5607	OKC
5608	OKE
5609	OKG
5610	OKJ
5611	OKK
5612	OKP
5613	OKR
5614	OKY
5615	OLA
5616	OLF
5617	OLI
5618	OLJ
5619	OLN
5620	OLQ
5621	OLU
5622	OMB
5623	OMD
5624	OMG
5625	OML
5626	OMN
5627	OMR
5628	ONA
5629	OND
5630	ONH
5631	ONI
5632	ONS
5633	ONU
5634	OOK
5635	OOM
5636	OOT
5637	OPB
5638	OPI
5639	OPS
5640	ORA
5641	ORE
5642	ORF
5643	ORI
5644	ORK
5645	ORL
5646	ORO
5647	ORS
5648	ORU
5649	ORW
5650	ORZ
5651	OSB
5652	OSE
5653	OSI
5654	OSK
5655	OSM
5656	OSR
5657	OST
5658	OSY
5659	OTA
5660	OTD
5661	OTH
5662	OTI
5663	OTM
5664	OTR
5665	OTU
5666	OTZ
5667	OUD
5668	OUE
5669	OUH
5670	OUK
5671	OUL
5672	OUR
5673	OUS
5674	OUZ
5675	OVA
5676	OVB
5677	OVD
5678	OWB
5679	OWD
5680	OXB
5681	OXR
5682	OYA
5683	OYE
5684	OYK
5685	OYN
5686	OYO
5687	OYS
5688	OZC
5689	OZZ
5690	PAA
5691	PAB
5692	PAD
5693	PAE
5694	PAG
5695	PAH
5696	PAJ
5697	PAL
5698	PAN
5699	PAP
5700	PAR
5701	PAS
5702	PAT
5703	PAU
5704	PAV
5705	PAW
5706	PAY
5707	PAZ
5708	PBB
5709	PBC
5710	PBD
5711	PBE
5712	PBF
5713	PBH
5714	PBI
5715	PBJ
5716	PBK
5717	PBL
5718	PBM
5719	PBN
5720	PBO
5721	PBP
5722	PBR
5723	PBU
5724	PBZ
5725	PCA
5726	PCC
5727	PCH
5728	PCK
5729	PCL
5730	PCN
5731	PUT
5732	PCP
5733	PCR
5734	PCT
5735	SAL
5736	SAM
5737	SAN
5738	SAO
5739	SAP
5740	PVA
5741	PDR
5742	PDS
5743	PDT
5744	PDU
5745	PDV
5746	PDX
5747	PDZ
5748	PEA
5749	PEC
5750	PEE
5751	PEG
5752	PEH
5753	PEI
5754	PEL
5755	MPD
5756	MPF
5757	MPG
5758	MPH
5759	MPI
5760	MPK
5761	MPL
5762	MPM
5763	MPN
5764	MPP
5765	MPT
5766	MPU
5767	MPV
5768	MPX
5769	MQB
5770	MQC
5771	MQD
5772	MQF
5773	MQH
5774	MQI
5775	MQL
5776	MQQ
5777	MQS
5778	MQU
5779	MRA
5780	MRE
5781	MRG
5782	MRM
5783	MRO
5784	MRR
5785	MRU
5786	MRV
5787	MRZ
5788	MSC
5789	MSD
5790	MSG
5791	MSJ
5792	MSL
5793	MSO
5794	MSQ
5795	MSR
5796	MST
5797	MSV
5798	MSX
5799	MSY
5800	MTB
5801	MTF
5802	MTG
5803	MTI
5804	MTK
5805	MTL
5806	MTO
5807	MTQ
5808	MTR
5809	MTT
5810	MTW
5811	NTN
5812	MTY
5813	MUA
5814	MUC
5815	MUF
5816	PDB
5817	PDC
5818	PDE
5819	PDG
5820	PDI
5821	PDL
5822	PDN
5823	MVJ
5824	MVM
5825	MVN
5826	MVP
5827	MVR
5828	MVS
5829	MVU
5830	MVX
5831	MVZ
5832	MWA
5833	MWE
5834	MWF
5835	MWH
5836	MWJ
5837	MWQ
5838	MWU
5839	MWY
5840	MWZ
5841	MXG
5842	MXJ
5843	MXL
5844	MXM
5845	MXS
5846	MXU
5847	MXX
5848	MYB
5849	MYD
5850	MYE
5851	MYH
5852	MYJ
5853	MYK
5854	MYN
5855	MYP
5856	MYR
5857	MYS
5858	MYU
5859	MYW
5860	MYX
5861	MYZ
5862	MZC
5863	MZD
5864	MZG
5865	MZH
5866	MZK
5867	MZN
5868	MZP
5869	MZR
5870	MZV
5871	MZZ
5872	NAD
5873	NAE
5874	NAH
5875	NAK
5876	NAM
5877	NAQ
5878	NAR
5879	NAT
5880	NAW
5881	NBB
5882	NBO
5883	NBV
5884	NCA
5885	NCH
5886	NCL
5887	NCS
5888	NCU
5889	NDA
5890	NDC
5891	NDD
5892	NDI
5893	NDK
5894	NDM
5895	NDN
5896	NDU
5897	NDZ
5898	NEF
5899	NEG
5900	NEJ
5901	NEK
5902	NER
5903	NEU
5904	NEV
5905	NFG
5906	NFO
5907	NGA
5908	NGD
5909	NGE
5910	NGI
5911	NGO
5912	NGR
5913	NGS
5914	NGX
5915	NHA
5916	NHF
5917	NHV
5918	NIA
5919	NIB
5920	NIC
5921	NIE
5922	NIG
5923	NIM
5924	NIO
5925	NIX
5926	NJC
5927	NKC
5928	NKI
5929	NKL
5930	NKN
5931	NKU
5932	NKV
5933	NKY
5934	NLA
5935	NLD
5936	NLF
5937	NLG
5938	NLK
5939	NLL
5940	NLP
5941	NLS
5942	NMA
5943	NMB
5944	NMC
5945	NME
5946	NMG
5947	NMS
5948	NMT
5949	NNB
5950	NNI
5951	NNK
5952	NNL
5953	NNM
5954	NNT
5955	NNU
5956	NNX
5957	NOA
5958	NOB
5959	NOC
5960	NOE
5961	NOJ
5962	NOM
5963	NON
5964	NOO
5965	NOR
5966	NOS
5967	NOT
5968	NOU
5969	NOV
5970	NOZ
5971	NPE
5972	NPG
5973	NPH
5974	LYB
5975	LYC
5976	LYH
5977	LYK
5978	LYP
5979	LYR
5980	LYS
5981	LYU
5982	LYX
5983	LZC
5984	LZR
5985	MAA
5986	MAB
5987	MAD
5988	MAF
5989	MAG
5990	MAH
5991	MAI
5992	MAJ
5993	MAK
5994	MAM
5995	MAO
5996	MAP
5997	MAR
5998	MAT
5999	MAU
6000	MAX
6001	MAY
6002	MBA
6003	MBB
6004	MBD
6005	MBH
6006	MBI
6007	MBL
6008	MBO
6009	MBP
6010	MBR
6011	MBT
6012	MBV
6013	MBW
6014	MBZ
6015	MCA
6016	MCE
6017	MCG
6018	MCJ
6019	MCL
6020	MCN
6021	MCP
6022	MCS
6023	MCT
6024	MCU
6025	MCW
6026	MCX
6027	MCZ
6028	MDB
6029	MDE
6030	MDI
6031	MDJ
6032	MDL
6033	MDO
6034	MDP
6035	MDR
6036	MDS
6037	MDV
6038	MDZ
6039	MEC
6040	MEE
6041	MEG
6042	MEI
6043	MEL
6044	MEM
6045	MES
6046	MEU
6047	MEX
6048	MEZ
6049	MFA
6050	MFC
6051	MFE
6052	MFF
6053	MFI
6054	MFJ
6055	MFN
6056	MFP
6057	MFR
6058	MFT
6059	MFU
6060	MGA
6061	MGC
6062	MGD
6063	MGG
6064	MGK
6065	MGM
6066	MGP
6067	MGR
6068	MUH
6069	NTT
6070	NUB
6071	NUD
6072	NUI
6073	NUL
6074	NUP
6075	NUS
6076	MHG
6077	MHJ
6078	MHK
6079	MHQ
6080	MHU
6081	MHX
6082	MIA
6083	MIE
6084	MII
6085	MIJ
6086	MIK
6087	MIM
6088	MIP
6089	MIS
6090	MIU
6091	MJB
6092	MJD
6093	MJF
6094	MJK
6095	MJM
6096	MJO
6097	MJT
6098	MJU
6099	MJZ
6100	MKB
6101	MKC
6102	MKE
6103	MKH
6104	MKI
6105	MKK
6106	MKM
6107	MKO
6108	MKP
6109	MKR
6110	MKT
6111	MKU
6112	MKY
6113	MKZ
6114	MLB
6115	MLE
6116	MLF
6117	MLH
6118	MLL
6119	MLN
6120	MLO
6121	MLP
6122	MLQ
6123	MLR
6124	MLS
6125	MLU
6126	MLV
6127	MLW
6128	MLX
6129	MLY
6130	MLZ
6131	MMA
6132	MMB
6133	MMD
6134	MME
6135	MMF
6136	MMG
6137	MMH
6138	MMJ
6139	MMK
6140	MML
6141	MMM
6142	MMN
6143	MMO
6144	MMP
6145	MMQ
6146	MMY
6147	MMZ
6148	MNA
6149	MNB
6150	MNE
6151	MNF
6152	MNG
6153	MNI
6154	MNJ
6155	MNK
6156	MNL
6157	MNM
6158	MNO
6159	MNQ
6160	MNR
6161	MNS
6162	MNT
6163	MNU
6164	MNX
6165	MNY
6166	MNZ
6167	MOA
6168	MOB
6169	MOC
6170	MOD
6171	MOE
6172	MOF
6173	MOG
6174	MOH
6175	MOI
6176	MOJ
6177	MOL
6178	MOM
6179	MON
6180	MOO
6181	MOQ
6182	MOT
6183	MOU
6184	MOV
6185	MOW
6186	MOY
6187	MOZ
6188	MPA
6189	KWN
6190	KWO
6191	KWP
6192	KWT
6193	KWV
6194	KWZ
6195	KXA
6196	KXE
6197	KXF
6198	KXK
6199	KYA
6200	KYD
6201	KYE
6202	KYF
6203	KYI
6204	KYK
6205	KYP
6206	KYS
6207	KYT
6208	KYU
6209	KYX
6210	KYZ
6211	KZB
6212	KZF
6213	KZI
6214	KZN
6215	KZS
6216	LAA
6217	LAB
6218	LAD
6219	LAE
6220	LAF
6221	LAI
6222	LAK
6223	LAM
6224	LAN
6225	LAP
6226	LAR
6227	LAU
6228	LAW
6229	LAY
6230	LBA
6231	LBB
6232	LBD
6233	LBF
6234	LBJ
6235	LBP
6236	LBR
6237	LBS
6238	LBV
6239	LBY
6240	LCA
6241	LCE
6242	LCG
6243	LCI
6244	LCL
6245	LCR
6246	LDA
6247	LDC
6248	LDE
6249	LDI
6250	LDK
6251	LDO
6252	LDU
6253	LDY
6254	LEA
6255	LEB
6256	LEF
6257	LEG
6258	LEI
6259	LEK
6260	LEP
6261	LEQ
6262	LES
6263	LET
6264	LEV
6265	LEW
6266	LFK
6267	LFP
6268	LFT
6269	LFW
6270	LGG
6271	LGI
6272	LGK
6273	LGM
6274	LGN
6275	LGP
6276	LGS
6277	LGU
6278	LGY
6279	LGZ
6280	LHG
6281	LHN
6282	LIE
6283	LIF
6284	LIH
6285	LIJ
6286	LIL
6287	LIM
6288	LIP
6289	LIR
6290	LIT
6291	LIW
6292	LJA
6293	LJU
6294	LKB
6295	LKC
6296	LKN
6297	LKV
6298	LKY
6299	LLG
6300	LLN
6301	LLW
6302	LMA
6303	LMC
6304	LME
6305	LMG
6306	LML
6307	LMN
6308	LMT
6309	LMY
6310	LNC
6311	LNE
6312	LNF
6313	LNH
6314	LNM
6315	LNP
6316	LNS
6317	LNY
6318	LNZ
6319	LOD
6320	LOE
6321	LOH
6322	LON
6323	KWM
6324	LOQ
6325	LOV
6326	LPA
6327	LPD
6328	LPH
6329	MGS
6330	MUK
6331	MUN
6332	MUW
6333	MUX
6334	MVA
6335	MVD
6336	MVF
6337	LQN
6338	LRB
6339	LRE
6340	LRL
6341	LRM
6342	LRS
6343	LRT
6344	LRV
6345	LSA
6346	LSC
6347	LSE
6348	LSH
6349	LSM
6350	LSP
6351	LSQ
6352	LSR
6353	LSS
6354	LST
6355	LSU
6356	LSW
6357	LSY
6358	LSZ
6359	LTA
6360	LTB
6361	LTD
6362	LTF
6363	LTH
6364	LTK
6365	LTL
6366	LTM
6367	LTO
6368	LTQ
6369	LTS
6370	LTT
6371	LTV
6372	LTW
6373	LUA
6374	LUB
6375	LUC
6376	LUD
6377	LUE
6378	LUG
6379	LUH
6380	LUI
6381	LUJ
6382	LUL
6383	LUN
6384	LUO
6385	LUP
6386	LUQ
6387	LUR
6388	LUU
6389	LUV
6390	LUW
6391	LUX
6392	LVB
6393	LVD
6394	LVI
6395	LVK
6396	LVO
6397	LWB
6398	LWC
6399	LWE
6400	LWH
6401	LWI
6402	LWN
6403	LWS
6404	LWT
6405	LWY
6406	LXR
6407	LXS
6408	LXU
6409	EPT
6410	EQS
6411	ERA
6412	CIT
6413	CIV
6414	CIW
6415	CIX
6416	CIY
6417	CIZ
6418	CJA
6419	CJB
6420	CJC
6421	CJD
6422	CJE
6423	CJH
6424	CJI
6425	CJJ
6426	CJL
6427	CJN
6428	CJR
6429	CJS
6430	CJU
6431	CKB
6432	CKD
6433	CKE
6434	CKH
6435	CXT
6436	EGA
6437	EGE
6438	EGM
6439	EGO
6440	EGV
6441	EGX
6442	EHM
6443	EIE
6444	CYL
6445	CKY
6446	CKZ
6447	CLA
6448	CLB
6449	CLC
6450	CLD
6451	CLE
6452	CLG
6453	CLH
6454	CLI
6455	CLJ
6456	CLL
6457	CLM
6458	CLN
6459	CLO
6460	CLP
6461	CLQ
6462	CLR
6463	CLS
6464	CLT
6465	CLU
6466	CLV
6467	CLW
6468	CLX
6469	CLY
6470	CLZ
6471	CMA
6472	CMB
6473	CMC
6474	CMD
6475	CME
6476	CMF
6477	CMG
6478	CMH
6479	CMI
6480	CMJ
6481	CMK
6482	CML
6483	CMM
6484	CMO
6485	CMP
6486	CMQ
6487	CMR
6488	CMT
6489	CMV
6490	CMW
6491	CMY
6492	CNB
6493	CND
6494	CNE
6495	CNH
6496	CNJ
6497	CNL
6498	CNN
6499	CNO
6500	CNQ
6501	CNR
6502	CNT
6503	CNV
6504	CNY
6505	CNZ
6506	COB
6507	COD
6508	COE
6509	COG
6510	COH
6511	COJ
6512	COL
6513	CON
6514	COQ
6515	COR
6516	COT
6517	COV
6518	COW
6519	COY
6520	CPA
6521	CPB
6522	CPD
6523	CPE
6524	CPF
6525	CPH
6526	CPI
6527	CPL
6528	CPN
6529	CPP
6530	CPR
6531	CPT
6532	CPV
6533	CQA
6534	CQF
6535	CQT
6536	CQZ
6537	CRB
6538	CRD
6539	CRH
6540	CRK
6541	CRL
6542	CRM
6543	CRO
6544	CRQ
6545	CRR
6546	CRT
6547	CRU
6548	CIS
6549	CRW
6550	CRY
6551	CSA
6552	CSB
6553	CSD
6554	CSG
6555	CSH
6556	CSK
6557	CSM
6558	CSN
6559	CSP
6560	CSQ
6561	CSS
6562	CSU
6563	CSV
6564	CSY
6565	CTB
6566	CTC
6567	CTE
6568	CTH
6569	CTK
6570	CTL
6571	CTM
6572	CTO
6573	CTQ
6574	CTR
6575	CTW
6576	CTY
6577	CUC
6578	CUD
6579	CUE
6580	CUG
6581	CUI
6582	CUK
6583	CUM
6584	CUN
6585	CUP
6586	CUR
6587	CUT
6588	CUV
6589	CUW
6590	CUZ
6591	CVC
6592	CVF
6593	CVG
6594	CVI
6595	CVL
6596	CVM
6597	CVO
6598	CVT
6599	CVU
6600	CWB
6601	CWI
6602	CWL
6603	CWR
6604	CWS
6605	CWW
6606	CXB
6607	CXC
6608	CXI
6609	CXL
6610	CXN
6611	CXO
6612	CXP
6613	CXQ
6614	EFG
6615	FTA
6616	FTL
6617	FTX
6618	FUB
6619	FUJ
6620	FUL
6621	EIN
6622	CYM
6623	CYO
6624	CYP
6625	CYR
6626	CYS
6627	BSR
6628	BST
6629	BSV
6630	BSW
6631	BSY
6632	BTA
6633	BTB
6634	BTD
6635	BTF
6636	BXC
6637	BXD
6638	BXE
6639	BXH
6640	BXI
6641	BXJ
6642	BXK
6643	BXL
6644	BXB
6645	BLM
6646	BLO
6647	BLQ
6648	BLR
6649	BLT
6650	BLV
6651	BLW
6652	BLY
6653	BMB
6654	BMC
6655	BME
6656	BMG
6657	BMI
6658	BMK
6659	BML
6660	BMN
6661	BMP
6662	BMR
6663	BMU
6664	BMV
6665	BMX
6666	BMY
6667	BNA
6668	BNC
6669	BND
6670	BNF
6671	BNI
6672	BNK
6673	BNM
6674	BNN
6675	BNP
6676	BNR
6677	BNT
6678	BNV
6679	BNW
6680	BNY
6681	BNZ
6682	BOB
6683	BOD
6684	BOE
6685	BOH
6686	BOJ
6687	BOL
6688	BOM
6689	BOO
6690	BOQ
6691	BOS
6692	BOU
6693	BOW
6694	BOX
6695	BOZ
6696	BPA
6697	BPC
6698	BPE
6699	BPG
6700	BPI
6701	BPS
6702	BPT
6703	BPY
6704	BQD
6705	BQH
6706	BQI
6707	BQN
6708	BQQ
6709	BQT
6710	BQU
6711	BRA
6712	BRB
6713	BRD
6714	BRF
6715	BRG
6716	BRI
6717	BRK
6718	BRM
6719	BRN
6720	BRP
6721	BRQ
6722	BRS
6723	BRU
6724	BRV
6725	BRX
6726	BRZ
6727	BSA
6728	BSC
6729	BSE
6730	BSF
6731	BSH
6732	BSJ
6733	BSL
6734	BSN
6735	BSP
6736	BTH
6737	BTI
6738	BTK
6739	BTL
6740	BTN
6741	BTP
6742	BTR
6743	BTS
6744	BTU
6745	BTV
6746	BTW
6747	BTX
6748	BTY
6749	BTZ
6750	BUA
6751	BUB
6752	BUC
6753	BUD
6754	BUE
6755	BUF
6756	BUG
6757	BUH
6758	BUI
6759	BUJ
6760	BUK
6761	BUL
6762	BUM
6763	BUN
6764	BUO
6765	BUP
6766	BUQ
6767	BUR
6768	BUS
6769	BUT
6770	BUU
6771	BUV
6772	BUW
6773	BUX
6774	BUY
6775	BUZ
6776	BVA
6777	BVB
6778	BVC
6779	BVE
6780	BVF
6781	BVG
6782	BVH
6783	BVI
6784	BVM
6785	BVO
6786	BVP
6787	BVR
6788	BVS
6789	BVU
6790	BVW
6791	BVX
6792	BVY
6793	BVZ
6794	BWA
6795	BWB
6796	BWC
6797	BWD
6798	BWE
6799	BWF
6800	BWG
6801	BWH
6802	BWI
6803	BWJ
6804	BWK
6805	BWL
6806	BWM
6807	BWO
6808	BWP
6809	BWQ
6810	BWS
6811	BWT
6812	BWU
6813	BWV
6814	BWY
6815	BXA
6816	BLK
6817	BAX
6818	BAZ
6819	BBA
6820	BBC
6821	BBE
6822	BBG
6823	BBH
6824	BBJ
6825	BBK
6826	BBM
6827	BBO
6828	BBR
6829	BBS
6830	BBV
6831	BBX
6832	BBY
6833	BCA
6834	BCC
6835	BCD
6836	BCF
6837	BCH
6838	BCJ
6839	BCK
6840	BCM
6841	BCN
6842	BCP
6843	BCR
6844	BCT
6845	BCU
6846	BCW
6847	BCY
6848	BCZ
6849	BDB
6850	BDD
6851	BDH
6852	BDJ
6853	BDK
6854	BDM
6855	BDN
6856	BDP
6857	BDR
6858	BDT
6859	BDU
6860	BDW
6861	BDY
6862	BEA
6863	BEB
6864	BEE
6865	BEG
6866	BEH
6867	BEJ
6868	BEL
6869	BEN
6870	BEO
6871	BER
6872	BET
6873	BEU
6874	BEW
6875	BEY
6876	BFA
6877	BFC
6878	BFD
6879	BFF
6880	BFG
6881	BFL
6882	BFO
6883	BFP
6884	BFR
6885	BFT
6886	BFX
6887	BGB
6888	BGC
6889	BGE
6890	BGH
6891	BGJ
6892	BGK
6893	BGL
6894	BGM
6895	BGN
6896	BGO
6897	BGP
6898	BGQ
6899	BGR
6900	BGT
6901	BGU
6902	BGV
6903	BGW
6904	BGX
6905	BGY
6906	BGZ
6907	BHA
6908	BHB
6909	BHE
6910	BHF
6911	BHG
6912	BHH
6913	BHI
6914	BHJ
6915	BHK
6916	BHL
6917	BHM
6918	BHN
6919	BHO
6920	BHP
6921	BHQ
6922	BHR
6923	BHS
6924	BHT
6925	BHU
6926	BHV
6927	BHX
6928	BHZ
6929	BIA
6930	BIB
6931	BIC
6932	BID
6933	BIE
6934	BIG
6935	BIH
6936	BII
6937	BIK
6938	BIL
6939	BIM
6940	BIN
6941	BIO
6942	BIP
6943	BIQ
6944	BIR
6945	BIS
6946	BIT
6947	BIU
6948	BIV
6949	BIW
6950	BIX
6951	BIY
6952	BIZ
6953	BJA
6954	BJB
6955	BJC
6956	BJD
6957	BJF
6958	BJG
6959	BJH
6960	BJI
6961	BJJ
6962	BJK
6963	BJL
6964	BJM
6965	BJN
6966	BJO
6967	BJP
6968	BJR
6969	BJU
6970	BJV
6971	BJW
6972	BJX
6973	BJY
6974	BJZ
6975	BKB
6976	BKC
6977	BKD
6978	BKE
6979	BKF
6980	BKI
6981	BKJ
6982	BKM
6983	BKO
6984	BKP
6985	BKR
6986	BKS
6987	BKU
6988	BKX
6989	BKY
6990	BLA
6991	BLC
6992	BLE
6993	BLF
6994	BLH
6995	BLJ
6996	ANH
6997	ANI
6998	ANK
6999	ANM
7000	ANO
7001	ANP
7002	ANR
7003	ANU
7004	ANV
7005	ANX
7006	ANY
7007	AOA
7008	AOC
7009	AOD
7010	AOI
7011	AOK
7012	AON
7013	AOO
7014	AOR
7015	AOU
7016	APC
7017	APF
7018	APG
7019	APH
7020	APK
7021	APN
7022	APP
7023	APQ
7024	APS
7025	APU
7026	APV
7027	APX
7028	AQA
7029	AQI
7030	AQM
7031	AQR
7032	AQS
7033	ARB
7034	ARD
7035	ARE
7036	ARG
7037	ARH
7038	ARJ
7039	ARK
7040	ARL
7041	ARM
7042	ARO
7043	ARP
7044	ARQ
7045	ARR
7046	ARS
7047	ART
7048	ARU
7049	ARV
7050	ARW
7051	ARX
7052	ARY
7053	ARZ
7054	ASA
7055	ASB
7056	ASC
7057	ASD
7058	ASE
7059	ASF
7060	ASG
7061	ASH
7062	ASJ
7063	ASK
7064	ASL
7065	ASM
7066	ASN
7067	ASO
7068	ASP
7069	ASQ
7070	ASR
7071	AST
7072	ASU
7073	ASV
7074	ASW
7075	ASX
7076	ASY
7077	ASZ
7078	ATA
7079	ATB
7080	ATC
7081	ATD
7082	ATE
7083	ATF
7084	ATG
7085	ATH
7086	ATI
7087	ATJ
7088	ATK
7089	ATL
7090	ATM
7091	ATN
7092	ATO
7093	ATP
7094	ATQ
7095	ATR
7096	ATS
7097	ATT
7098	ATU
7099	ATV
7100	ATW
7101	ATY
7102	ATZ
7103	AUA
7104	AUC
7105	AUD
7106	AUE
7107	AUF
7108	AUG
7109	AUH
7110	AUI
7111	AUJ
7112	AUK
7113	AUL
7114	AUM
7115	AUN
7116	AUO
7117	AUP
7118	AUQ
7119	AUR
7120	AUS
7121	AUT
7122	AUU
7123	AUV
7124	AUW
7125	AUX
7126	AUY
7127	AUZ
7128	AVB
7129	AVG
7130	AVL
7131	AVN
7132	AVP
7133	AVU
7134	AVX
7135	AWB
7136	AWE
7137	AWK
7138	AWM
7139	AWP
7140	AWZ
7141	AXB
7142	AXC
7143	AXG
7144	AXK
7145	AXM
7146	AXN
7147	AXR
7148	AXT
7149	AXU
7150	AXX
7151	AYC
7152	AYG
7153	AYH
7154	AYK
7155	AYO
7156	AYQ
7157	AYR
7158	AYT
7159	AYW
7160	AYZ
7161	AZB
7162	AZG
7163	AZO
7164	AZT
7165	BAA
7166	BAC
7167	BAF
7168	BAG
7169	BAI
7170	BAK
7171	BAM
7172	BAO
7173	ANF
7174	BAP
7175	BAS
7176	BAU
7177	CKK
7178	CKM
7179	CKN
7180	CKO
7181	CKR
7182	CKS
7183	CKV
7184	BXM
7185	AAB
7186	AAC
7187	AAE
7188	AAF
7189	AAH
7190	AAI
7191	AAJ
7192	AAK
7193	AAL
7194	AAN
7195	AAO
7196	AAQ
7197	AAR
7198	AAU
7199	AAV
7200	AAW
7201	AAX
7202	AAY
7203	ABA
7204	ABB
7205	ABD
7206	ABE
7207	ABF
7208	ABG
7209	ABH
7210	ABI
7211	ABJ
7212	ABK
7213	ABL
7214	ABM
7215	ABN
7216	ABO
7217	ABP
7218	ABQ
7219	ABR
7220	ABS
7221	ABT
7222	ABU
7223	ABV
7224	ABW
7225	ABX
7226	ABY
7227	ABZ
7228	ACA
7229	ACC
7230	ACD
7231	ACE
7232	ACH
7233	ACI
7234	ACK
7235	ACL
7236	ACM
7237	ACN
7238	ACO
7239	ACR
7240	ACT
7241	ACU
7242	ACV
7243	ADA
7244	ADD
7245	ADE
7246	ADK
7247	ADL
7248	ADM
7249	ADN
7250	ADO
7251	ADP
7252	ADQ
7253	ADR
7254	ADU
7255	ADV
7256	ADW
7257	ADY
7258	ADZ
7259	AEA
7260	AED
7261	AEG
7262	AEH
7263	AEK
7264	AEO
7265	AER
7266	AES
7267	AET
7268	AEV
7269	AEX
7270	AEY
7271	AFA
7272	AFI
7273	AFN
7274	AFO
7275	AFT
7276	AGA
7277	AGD
7278	AGE
7279	AGG
7280	AGI
7281	AGK
7282	AGL
7283	AGN
7284	AGP
7285	AGR
7286	AGS
7287	KWK
7288	IAN
7289	IAS
7290	IAU
7291	IBA
7292	IBE
7293	IBI
7294	IBZ
7295	ICA
7296	ICI
7297	ICK
7298	ICR
7299	ICT
7300	IDA
7301	IDB
7302	IDI
7303	IDK
7304	IDN
7305	IDO
7306	IDR
7307	IDY
7308	IEG
7309	IEJ
7310	IFF
7311	IFJ
7312	IFL
7313	IFN
7314	IFP
7315	IGA
7316	IGB
7317	IGG
7318	IGH
7319	IGM
7320	IGN
7321	IGO
7322	IGR
7323	IGU
7324	IHN
7325	IHO
7326	IHU
7327	IIA
7328	IIS
7329	IJK
7330	IJU
7331	IKI
7332	IKL
7333	KBF
7334	KTS
7335	KTT
7336	KTU
7337	KBS
7338	KTW
7339	KTY
7340	KUA
7341	KUC
7342	ILO
7343	ILP
7344	ILR
7345	ILZ
7346	IMB
7347	IMF
7348	IMK
7349	IMO
7350	IMT
7351	INF
7352	ING
7353	INI
7354	INM
7355	INN
7356	INO
7357	INT
7358	INV
7359	INW
7360	IOA
7361	IOK
7362	ION
7363	IOR
7364	IOU
7365	IPA
7366	IPE
7367	IPG
7368	IPI
7369	IPN
7370	IPW
7371	IQQ
7372	IRA
7373	IRD
7374	IRG
7375	IRJ
7376	IRO
7377	IRP
7378	ISB
7379	ISE
7380	ISG
7381	ISJ
7382	ISK
7383	ISN
7384	ISP
7385	IST
7386	ITB
7387	ITI
7388	ITN
7389	ITO
7390	IUE
7391	IUS
7392	IVC
7393	IVR
7394	IWA
7395	IWD
7396	IXA
7397	IXC
7398	IXE
7399	IXG
7400	IXI
7401	IXJ
7402	IXL
7403	IXQ
7404	IXS
7405	IXU
7406	IXV
7407	IXY
7408	IXZ
7409	IZM
7410	JAA
7411	JAC
7412	JAG
7413	JAH
7414	JAN
7415	JAT
7416	JAV
7417	JBR
7418	JCB
7419	JCI
7420	JCK
7421	JDF
7422	JDO
7423	JED
7424	JEE
7425	JEG
7426	JEJ
7427	JER
7428	JGA
7429	JGO
7430	JHB
7431	JHM
7432	JHS
7433	JHW
7434	JIJ
7435	JIK
7436	JIM
7437	JIR
7438	JJI
7439	JJU
7440	JKH
7441	JKR
7442	JLD
7443	JLR
7444	JMB
7445	JMK
7446	JMS
7447	JNA
7448	JNB
7449	JNI
7450	JNS
7451	JNU
7452	JOG
7453	JOK
7454	JOL
7455	JOP
7456	JOS
7457	JPR
7458	JRH
7459	JRO
7460	JSA
7461	JSI
7462	JSM
7463	JSO
7464	JSR
7465	JSS
7466	JST
7467	JSU
7468	JSY
7469	JTI
7470	JTR
7471	JTY
7472	JUB
7473	JUI
7474	JUJ
7475	JUL
7476	JUM
7477	JUO
7478	JUV
7479	JVA
7480	JVL
7481	JWA
7482	JXN
7483	JYV
7484	KAA
7485	KAB
7486	KAC
7487	KAD
7488	KAE
7489	KAF
7490	KAG
7491	KAI
7492	KAJ
7493	KAK
7494	KAL
7495	KAM
7496	KAN
7497	KAO
7498	KAQ
7499	KAR
7500	KAT
7501	KAU
7502	KAW
7503	KAX
7504	KAY
7505	KAZ
7506	KBA
7507	GMB
7508	GME
7509	GMI
7510	GMM
7511	GMN
7512	GMR
7513	GNA
7514	GNB
7515	GND
7516	GNI
7517	GNM
7518	GNR
7519	GNS
7520	GNU
7521	GNV
7522	GNY
7523	GNZ
7524	GOA
7525	GOB
7526	GOC
7527	GOE
7528	GOH
7529	GOI
7530	GOJ
7531	GOM
7532	GON
7533	GOO
7534	GOP
7535	GOR
7536	GOS
7537	GOT
7538	GOU
7539	GOV
7540	GOZ
7541	GPA
7542	GPB
7543	GPI
7544	GPL
7545	GPN
7546	GPO
7547	GPS
7548	GPT
7549	GPZ
7550	GQQ
7551	GRB
7552	GRC
7553	GRD
7554	GRG
7555	GRH
7556	GRI
7557	GRJ
7558	GRL
7559	GRO
7560	GRP
7561	GRQ
7562	GRR
7563	GRS
7564	GRV
7565	GRX
7566	GRY
7567	GSA
7568	GSO
7569	GSP
7570	GST
7571	GSU
7572	GTE
7573	GTO
7574	GTT
7575	GUA
7576	GUD
7577	GUG
7578	GUH
7579	GUL
7580	GUP
7581	GUR
7582	GUV
7583	GUW
7584	GUZ
7585	GVI
7586	GVP
7587	GVT
7588	GVX
7589	GWD
7590	GWL
7591	IKO
7592	KBG
7593	KBI
7594	KBJ
7595	KBK
7596	KBL
7597	KBM
7598	ILM
7599	KBR
7600	HAC
7601	HAJ
7602	HAN
7603	HAQ
7604	HAR
7605	HAU
7606	HAW
7607	HAZ
7608	HBA
7609	HBT
7610	HCA
7611	HCQ
7612	HCR
7613	HDA
7614	HDD
7615	HDF
7616	HDN
7617	HDY
7618	HEA
7619	HEI
7620	HEL
7621	HER
7622	HEZ
7623	HFA
7624	HFS
7625	HFT
7626	HGD
7627	HGL
7628	HGN
7629	HGR
7630	HHH
7631	HHN
7632	HHZ
7633	HID
7634	HII
7635	HIL
7636	HIP
7637	HIS
7638	HIX
7639	HKB
7640	HKG
7641	HKK
7642	GMA
7643	HKT
7644	HLA
7645	HLF
7646	HLG
7647	HLT
7648	HLV
7649	HME
7650	HMR
7651	HNA
7652	HNG
7653	HNI
7654	HNL
7655	HNM
7656	HOB
7657	HOD
7658	HOF
7659	HOG
7660	HOI
7661	HOM
7662	HON
7663	HOR
7664	HOT
7665	HOU
7666	HOX
7667	HPA
7668	HPB
7669	HPH
7670	HPN
7671	HRG
7672	HRL
7673	HRM
7674	HRS
7675	HSL
7676	HSV
7677	HTA
7678	HTG
7679	HTI
7680	HTO
7681	HTS
7682	HTU
7683	HUC
7684	HUE
7685	HUH
7686	HUI
7687	HUN
7688	HUQ
7689	HUS
7690	HUT
7691	HUU
7692	HUV
7693	HUX
7694	HUY
7695	HVA
7696	HVB
7697	HVG
7698	HVK
7699	HVM
7700	HVN
7701	HVR
7702	HWA
7703	HWI
7704	HWK
7705	HWN
7706	HXX
7707	HYA
7708	HYD
7709	HYF
7710	HYG
7711	HYL
7712	HYR
7713	HYS
7714	HZK
7715	HZL
7716	IAA
7717	IAG
7718	IAM
7719	ERB
7720	ERC
7721	ERE
7722	ERF
7723	ERH
7724	ERI
7725	ERM
7726	ERN
7727	ERU
7728	ERZ
7729	ESA
7730	ESC
7731	ESD
7732	ESE
7733	ESG
7734	ESH
7735	ESI
7736	ESL
7737	ESM
7738	ESN
7739	ESR
7740	ESS
7741	ETD
7742	ETE
7743	ETH
7744	ETS
7745	ETZ
7746	EUA
7747	EUC
7748	EUE
7749	EUG
7750	EUN
7751	EUX
7752	EVD
7753	EVE
7754	EVG
7755	EVM
7756	EVN
7757	EVV
7758	EVX
7759	EWB
7760	EWE
7761	EWI
7762	EWN
7763	EWO
7764	EWR
7765	EXI
7766	EXT
7767	EYL
7768	EYP
7769	EYW
7770	EZS
7771	FAC
7772	FAE
7773	FAG
7774	FAH
7775	FAI
7776	FAJ
7777	FAK
7778	FAM
7779	FAN
7780	FAO
7781	FAQ
7782	FAR
7783	FAS
7784	FAT
7785	FAV
7786	FAY
7787	FBE
7788	FCA
7789	FCB
7790	FDF
7791	FDU
7792	FEA
7793	FEG
7794	FEN
7795	FFM
7796	FGU
7797	FHZ
7798	FIC
7799	FIE
7800	FIH
7801	FIN
7802	FIZ
7803	FKI
7804	FKJ
7805	FKQ
7806	FLA
7807	FLB
7808	FLG
7809	FLJ
7810	FLL
7811	FLN
7812	FLR
7813	FLS
7814	FLW
7815	FLY
7816	FMH
7817	FMN
7818	FMO
7819	FMY
7820	FNC
7821	FNE
7822	FNH
7823	FNI
7824	FNL
7825	FNT
7826	FOG
7827	FOK
7828	FOO
7829	FOT
7830	FOU
7831	FPO
7832	FRA
7833	FRB
7834	FRD
7835	FRG
7836	FRH
7837	FRK
7838	FRM
7839	FRP
7840	FRS
7841	FRW
7842	FSC
7843	GWT
7844	IKP
7845	IKS
7846	IKT
7847	ILA
7848	ILE
7849	ILF
7850	ILG
7851	ILI
7852	GZT
7853	FWL
7854	FYT
7855	FYV
7856	GAD
7857	GAE
7858	GAH
7859	GAL
7860	GAN
7861	GAO
7862	GAS
7863	GAU
7864	GAX
7865	GAZ
7866	GBC
7867	GBE
7868	GBF
7869	GBJ
7870	GBL
7871	GBM
7872	GBV
7873	GBY
7874	GCA
7875	GCC
7876	GCI
7877	GCM
7878	GCN
7879	GDE
7880	GDN
7881	GDO
7882	GDQ
7883	GDT
7884	GDX
7885	GEB
7886	GEF
7887	GEL
7888	GER
7889	GES
7890	GEV
7891	GEX
7892	GFB
7893	GFF
7894	GFL
7895	GFN
7896	GFY
7897	GGD
7898	GGN
7899	GGO
7900	GGS
7901	GGW
7902	GHA
7903	GHC
7904	GHD
7905	GHT
7906	GHU
7907	GIC
7908	GII
7909	GIL
7910	GIM
7911	GIS
7912	GIY
7913	GIZ
7914	GJA
7915	GJL
7916	GJM
7917	GJR
7918	GJT
7919	GKA
7920	GKL
7921	GKN
7922	GKO
7923	GLA
7924	GLC
7925	GLD
7926	GLF
7927	GLG
7928	GLH
7929	GLI
7930	GLK
7931	GLN
7932	GLO
7933	GLP
7934	GLS
7935	GLT
7936	GLV
7937	GLX
7938	CYT
7939	CYZ
7940	CZA
7941	CZB
7942	CZC
7943	CZE
7944	CZF
7945	CZH
7946	CZJ
7947	CZK
7948	CZL
7949	CZM
7950	CZN
7951	CZO
7952	CZP
7953	CZS
7954	CZT
7955	CZU
7956	CZW
7957	CZY
7958	CZZ
7959	DAA
7960	DAB
7961	DAC
7962	DAD
7963	DAE
7964	DAG
7965	DAH
7966	DAI
7967	DAJ
7968	DAM
7969	DAN
7970	DAP
7971	DAR
7972	DAS
7973	DAU
7974	DAV
7975	DAY
7976	DAZ
7977	DBA
7978	DBD
7979	DBM
7980	DBO
7981	DBP
7982	DBQ
7983	DBT
7984	DBV
7985	DBY
7986	DCM
7987	DDC
7988	DDI
7989	DDM
7990	DDN
7991	DDP
7992	DEB
7993	DEC
7994	DED
7995	DEI
7996	DEL
7997	DEM
7998	DEN
7999	DER
8000	DES
8001	DEZ
8002	DFW
8003	DGA
8004	DGC
8005	DGE
8006	DGF
8007	DGO
8008	DGT
8009	DHD
8010	DHN
8011	DIB
8012	DIJ
8013	DIK
8014	DIN
8015	DIP
8016	DIQ
8017	DIS
8018	DIY
8019	DJB
8020	DJG
8021	DJJ
8022	DJN
8023	DKI
8024	DKV
8025	DLD
8026	DLH
8027	DLK
8028	DLM
8029	DLY
8030	DMD
8031	DMO
8032	DNB
8033	DNF
8034	DNI
8035	DNO
8036	DNQ
8037	DNU
8038	DNZ
8039	DOA
8040	DOE
8041	DOG
8042	DOI
8043	DOL
8044	DOM
8045	DOO
8046	DOR
8047	DOS
8048	DOX
8049	DPO
8050	DRB
8051	DRD
8052	DRG
8053	DRN
8054	DRO
8055	DRS
8056	DRW
8057	DSD
8058	DSK
8059	DSM
8060	DTD
8061	DTH
8062	DTR
8063	DUB
8064	DUD
8065	DUG
8066	DUM
8067	DUR
8068	DUS
8069	DVL
8070	DVN
8071	DVR
8072	DXB
8073	DYA
8074	DYU
8075	DZA
8076	EAA
8077	EAB
8078	EAM
8079	EAS
8080	EAU
8081	EBA
8082	EBD
8083	EBJ
8084	EBO
8085	ECA
8086	ECH
8087	ECN
8088	EDA
8089	EDB
8090	EDL
8091	EDO
8092	EDQ
8093	EDW
8094	EEK
8095	FSM
8096	GWY
8097	GXG
8098	GXX
8099	GXY
8100	GYE
8101	GYI
8102	GYN
8103	GZM
8104	FUT
8105	EIS
8106	EJA
8107	EJH
8108	EKD
8109	EKI
8110	EKO
8111	EKT
8112	ELB
8113	ELD
8114	ELE
8115	ELG
8116	ELI
8117	ELJ
8118	ELM
8119	ELP
8120	ELQ
8121	ELT
8122	ELU
8123	ELW
8124	EMA
8125	EME
8126	EMI
8127	EMN
8128	EMP
8129	EMS
8130	EMX
8131	EMY
8132	ENA
8133	ENB
8134	ENE
8135	ENF
8136	ENN
8137	ENO
8138	ENS
8139	ENT
8140	ENU
8141	EOI
8142	EOR
8143	EOZ
8144	EPL
8145	EPN
8146	EPR
8147	SRB
8148	SRC
8149	SBB
8150	SBD
8151	SBF
8152	SBJ
8153	SBT
8154	SCP
8155	SCR
8156	SCS
8157	SDA
8158	SDB
8159	SDC
8160	SDU
8161	SDV
8162	SDW
8163	SEC
8164	SEE
8165	SEF
8166	SEG
8167	TWP
8168	TWY
8169	TWZ
8170	TXL
8171	TXR
8172	TYA
8173	TYB
8174	TYD
8175	TYE
8176	TYG
8177	TYM
8178	TYP
8179	TYT
8180	TYZ
8181	VIC
8182	TEL
8183	TEQ
8184	TES
8185	THF
8186	THM
8187	THP
8188	THV
8189	TIB
8190	TIK
8191	TIL
8192	TIW
8193	TIX
8194	TJC
8195	TJG
8196	TJI
8197	TKF
8198	TKH
8199	TKL
8200	TKO
8201	TKZ
8202	TLD
8203	TLF
8204	TLJ
8205	TLR
8206	TLX
8207	TMA
8208	TMB
8209	TMK
8210	TMQ
8211	TMZ
8212	TND
8213	TNM
8214	TNP
8215	TNQ
8216	SWI
8217	SWK
8218	SWL
8219	SWM
8220	SWN
8221	SWU
8222	SWV
8223	SWW
8224	SWX
8225	SWZ
8226	SXC
8227	SXF
8228	SXI
8229	SXN
8230	SXV
8231	SXY
8232	SYB
8233	SYC
8234	SYF
8235	SYG
8236	SYH
8237	SYI
8238	SYJ
8239	SYL
8240	SYN
8241	SYP
8242	SYQ
8243	SYS
8244	SYT
8245	SYV
8246	SYW
8247	SZB
8248	SZE
8249	SZF
8250	SZH
8251	SZI
8252	SZJ
8253	SZL
8254	SZM
8255	SZN
8256	SZP
8257	SZT
8258	SZW
8259	SZY
8260	TAA
8261	TAD
8262	TAF
8263	TAN
8264	TAQ
8265	TAX
8266	TBB
8267	TBC
8268	TBK
8269	TBL
8270	TBM
8271	TBQ
8272	TBR
8273	TBV
8274	TBX
8275	TBY
8276	TCC
8277	TCM
8278	SOZ
8279	SPB
8280	SPF
8281	SPG
8282	SPL
8283	AGU
8284	AGV
8285	AGX
8286	AHB
8287	AHD
8288	AHL
8289	AHO
8290	AHT
8291	AHY
8292	AHZ
8293	AAA
8294	AIB
8295	AID
8296	AIF
8297	AIG
8298	AIK
8299	AIM
8300	AIN
8301	AIP
8302	AIS
8303	AIT
8304	AIY
8305	AJA
8306	AJF
8307	AJJ
8308	AJN
8309	AJR
8310	AJU
8311	AKB
8312	AKE
8313	AKG
8314	AKJ
8315	AKL
8316	AKN
8317	AKO
8318	AKQ
8319	AKR
8320	AKX
8321	ALA
8322	ALC
8323	ALD
8324	ALF
8325	ALH
8326	ALK
8327	ALL
8328	ALN
8329	ALO
8330	ALQ
8331	ALS
8332	ALT
8333	ALW
8334	ALZ
8335	AMB
8336	AMC
8337	AME
8338	AMG
8339	AMI
8340	AMJ
8341	AMM
8342	AMO
8343	AMQ
8344	AMR
8345	AMT
8346	AMV
8347	CKI
8348	AMW
8349	AMY
8350	ANA
8351	ANC
8352	AND
8353	CXY
8354	CYA
8355	CYB
8356	CYC
8357	CYE
8358	CYF
8359	CYI
8360	CKX
8361	BXN
8362	BXR
8363	BXS
8364	BXT
8365	BXU
8366	BXV
8367	BXX
8368	BXZ
8369	BYA
8370	BYC
8371	BYG
8372	BYK
8373	BYM
8374	BYS
8375	BYU
8376	BYV
8377	BYX
8378	BZB
8379	BZC
8380	BZE
8381	BZI
8382	BZK
8383	BZN
8384	BZP
8385	BZT
8386	BZU
8387	BZY
8388	CAA
8389	CAB
8390	CAD
8391	CAE
8392	CAG
8393	CAI
8394	CAK
8395	CAL
8396	CAP
8397	CAR
8398	CAS
8399	CAU
8400	CAW
8401	CAX
8402	CAZ
8403	CBB
8404	CBC
8405	CBE
8406	CBF
8407	CBH
8408	CBJ
8409	CBK
8410	CBL
8411	CBO
8412	CBQ
8413	CBS
8414	CBV
8415	CBX
8416	CBY
8417	CCA
8418	CCF
8419	CCH
8420	CCJ
8421	CCL
8422	CCM
8423	CCO
8424	CCP
8425	CCR
8426	CCS
8427	CCU
8428	CCW
8429	CCX
8430	CCZ
8431	CDA
8432	CDC
8433	CDH
8434	CDI
8435	CDK
8436	CDL
8437	CDN
8438	CDP
8439	CDR
8440	CDU
8441	CDV
8442	CDY
8443	CEC
8444	CEE
8445	CEF
8446	CEK
8447	CEM
8448	CEN
8449	CEP
8450	CER
8451	CES
8452	CEU
8453	CEW
8454	CEX
8455	CEZ
8456	CFD
8457	CFE
8458	CFH
8459	CFN
8460	CFO
8461	CFR
8462	CFS
8463	CFU
8464	CGA
8465	CGC
8466	CGG
8467	CGJ
8468	CGM
8469	CGN
8470	CGP
8471	CGR
8472	CGS
8473	CGU
8474	CGZ
8475	CHA
8476	CHD
8477	CHF
8478	CHH
8479	CHI
8480	CHL
8481	CHN
8482	CHO
8483	CHQ
8484	CHR
8485	CHT
8486	CHU
8487	CHY
8488	CHZ
8489	CID
8490	CIG
8491	CII
8492	CIJ
8493	CIK
8494	CIL
8495	CIM
8496	CIN
8497	CIP
8498	CIR
8499	QFF
8500	QFG
8501	QFH
8502	QFI
8503	QFJ
8504	QFK
8505	QFL
8506	QFM
8507	QFN
8508	QFO
8509	QFQ
8510	QFR
8511	QFS
8512	QFT
8513	QFU
8514	QFV
8515	QFW
8516	QND
8517	QUJ
8518	QUK
8519	QUL
8520	QUM
8521	QUN
8522	QUO
8523	QUP
8524	QUQ
8525	QUR
8526	QUS
8527	QUT
8528	QUU
8529	QUV
8530	QUW
8531	QUX
8532	QUY
8533	QUZ
8534	QVA
8535	QIO
8536	QIP
8537	QIQ
8538	QIR
8539	QIS
8540	QIT
8541	QIU
8542	QIV
8543	QIW
8544	QIX
8545	QIY
8546	QIZ
8547	QJA
8548	QJB
8549	QJC
8550	QJD
8551	QJE
8552	QJF
8553	QJG
8554	QJH
8555	QJI
8556	QJJ
8557	QJK
8558	QJL
8559	QJM
8560	QJN
8561	QJO
8562	QJP
8563	QJQ
8564	QJR
8565	QJS
8566	QJT
8567	QJU
8568	QJV
8569	QJW
8570	QJX
8571	QJY
8572	QJZ
8573	QKA
8574	QKB
8575	QKC
8576	QKD
8577	QKE
8578	QKF
8579	QKG
8580	QKH
8581	QKI
8582	QKJ
8583	QKK
8584	QKL
8585	QKM
8586	QKN
8587	QKO
8588	QKP
8589	QKQ
8590	QKR
8591	QKS
8592	QKT
8593	QKU
8594	QKV
8595	QKW
8596	QKX
8597	QKY
8598	QKZ
8599	QLA
8600	QLB
8601	QLC
8602	QLD
8603	QLE
8604	QLF
8605	QLG
8606	QLH
8607	QLI
8608	QLJ
8609	QLK
8610	QLL
8611	QLM
8612	QLN
8613	QLO
8614	QLP
8615	QLQ
8616	QLR
8617	QLS
8618	QLT
8619	QLU
8620	QLV
8621	QLW
8622	QLX
8623	QLY
8624	QLZ
8625	QMA
8626	QMB
8627	QMC
8628	QMD
8629	QME
8630	QMF
8631	QMG
8632	QMH
8633	QMI
8634	QMJ
8635	QMK
8636	QML
8637	QMM
8638	QMN
8639	QMO
8640	QMP
8641	QMQ
8642	QMR
8643	QMS
8644	QMT
8645	QMU
8646	QMV
8647	QMW
8648	QMX
8649	QMY
8650	QMZ
8651	QNA
8652	QNB
8653	QNC
8654	QUI
8655	QOZ
8656	QPA
8657	QPB
8658	QPC
8659	QPD
8660	QPE
8661	QPF
8662	QPG
8663	QPH
8664	QPI
8665	QPJ
8666	QPK
8667	QPL
8668	QPM
8669	QPN
8670	QPO
8671	QPP
8672	QPQ
8673	QPR
8674	QPS
8675	QPU
8676	QPV
8677	QPW
8678	QPX
8679	QPY
8680	QPZ
8681	QQA
8682	QQB
8683	QQC
8684	QQD
8685	QQE
8686	QQF
8687	QQG
8688	QQH
8689	QQI
8690	QQJ
8691	QQK
8692	QQL
8693	QQM
8694	QQN
8695	QQO
8696	QQP
8697	QQR
8698	QQS
8699	QQT
8700	QQU
8701	QQV
8702	QQW
8703	QQX
8704	QQY
8705	QQZ
8706	QRA
8707	QRB
8708	QRC
8709	QRD
8710	QRE
8711	QRF
8712	QRG
8713	QRH
8714	QRI
8715	QRJ
8716	QRK
8717	QRL
8718	QRM
8719	QRN
8720	QRP
8721	QRQ
8722	QRR
8723	QRS
8724	QRT
8725	QRU
8726	QRV
8727	QRW
8728	QRX
8729	QRY
8730	QRZ
8731	QSA
8732	QSB
8733	QSC
8734	QSD
8735	QSE
8736	QSF
8737	QSG
8738	QSH
8739	QSI
8740	QSJ
8741	QSK
8742	QSL
8743	QSM
8744	QSN
8745	QSO
8746	QSQ
8747	QSR
8748	QSS
8749	QST
8750	QSU
8751	QSV
8752	QSW
8753	QSX
8754	QSY
8755	QSZ
8756	QTC
8757	QTD
8758	QTE
8759	QTF
8760	QTG
8761	QTH
8762	QTI
8763	QTJ
8764	QTK
8765	QTL
8766	QTM
8767	QTN
8768	QTO
8769	QTP
8770	QTR
8771	QTS
8772	QTT
8773	QTU
8774	QTV
8775	QTW
8776	QTX
8777	QTY
8778	QTZ
8779	QUA
8780	QUB
8781	QUC
8782	QUD
8783	QUE
8784	QUF
8785	QUG
8786	QUH
8787	QOY
8788	QZJ
8789	QZK
8790	QZL
8791	QZM
8792	QZN
8793	QZO
8794	QZP
8795	QZQ
8796	QZR
8797	QZS
8798	QZT
8799	QZU
8800	QZV
8801	QZW
8802	QZX
8803	QZY
8804	QZZ
8805	RAC
8806	RAD
8807	RAU
8808	RBB
8809	RBD
8810	RBK
8811	RBL
8812	RBN
8813	RBS
8814	RBT
8815	RBW
8816	RCA
8817	RCK
8818	RCR
8819	RCT
8820	RCY
8821	RDB
8822	RWB
8823	RWF
8824	RXA
8825	RYB
8826	RZH
8827	RZN
8828	SAD
8829	SAE
8830	SAG
8831	SAI
8832	SAJ
8833	QVB
8834	QVC
8835	QVD
8836	QVE
8837	QVF
8838	QVG
8839	QVH
8840	QVI
8841	QVJ
8842	QVK
8843	QVL
8844	QVM
8845	QVN
8846	QVO
8847	QVP
8848	QVQ
8849	QVR
8850	QVS
8851	QVT
8852	QVU
8853	QVV
8854	QVW
8855	QVX
8856	QVY
8857	QVZ
8858	QWA
8859	QWB
8860	QWC
8861	QWD
8862	QWE
8863	QWF
8864	QWG
8865	QWH
8866	QWI
8867	QWJ
8868	QWK
8869	QWL
8870	QWM
8871	QWN
8872	QWO
8873	QWP
8874	QWQ
8875	QWR
8876	QWS
8877	QWT
8878	QWU
8879	QWV
8880	QWW
8881	QWX
8882	QWY
8883	QWZ
8884	QXB
8885	QXC
8886	QXD
8887	RAN
8888	RDR
8889	REB
8890	RED
8891	REE
8892	REH
8893	REI
8894	REO
8895	RER
8896	REZ
8897	RFA
8898	RFG
8899	RFK
8900	RGR
8901	RHG
8902	RHL
8903	RHV
8904	RID
8905	RTD
8906	RTE
8907	RTK
8908	RTL
8909	RTN
8910	RTY
8911	RUF
8912	RUK
8913	RUP
8914	RUU
8915	RUY
8916	RVD
8917	RVH
8918	RVR
8919	RVS
8920	QOU
8921	QOV
8922	QOW
8923	QOX
8924	QZI
8925	SEJ
8926	SEK
8927	SEM
8928	SEP
8929	SEQ
8930	SER
8931	SES
8932	SET
8933	SEU
8934	SEW
8935	SEX
8936	SFB
8937	SFC
8938	SFF
8939	SFI
8940	SFK
8941	SFM
8942	SFP
8943	SFR
8944	SFV
8945	SFX
8946	SFZ
8947	SGB
8948	SGL
8949	SGM
8950	SGP
8951	SGQ
8952	SGR
8953	SGS
8954	SGT
8955	SGW
8956	SGZ
8957	RIM
8958	RIR
8959	RIV
8960	RIZ
8961	RJB
8962	RJN
8963	RKC
8964	RKE
8965	RKH
8966	RKO
8967	RKP
8968	RKR
8969	RKV
8970	RKW
8971	RLD
8972	RLI
8973	RLU
8974	RMC
8975	RME
8976	RMG
8977	RML
8978	RMN
8979	RMS
8980	RNC
8981	RND
8982	RNH
8983	RNP
8984	RNT
8985	RNZ
8986	ROB
8987	ROD
8988	ROI
8989	ROX
8990	RPA
8991	RPB
8992	RPX
8993	RRE
8994	RRL
8995	RRM
8996	RRO
8997	RRV
8998	RSE
8999	RSI
9000	RSL
9001	RSN
9002	RSP
9003	SAW
9004	SBV
9005	SBX
9006	SCA
9007	SCB
9008	SCD
9009	SCF
9010	SCH
9011	SCI
9012	SDG
9013	SDH
9014	SDM
9015	SDO
9016	QXE
9017	QXF
9018	QXG
9019	QXH
9020	QXI
9021	QXJ
9022	QXL
9023	QXM
9024	QXO
9025	QXP
9026	QXQ
9027	QXR
9028	QXV
9029	QXW
9030	QYA
9031	QYB
9032	QYC
9033	QYD
9034	QYE
9035	QYF
9036	QYG
9037	QYH
9038	QYI
9039	QYJ
9040	QYK
9041	QYL
9042	QYM
9043	QYN
9044	QYO
9045	QYP
9046	QYQ
9047	QYR
9048	QYS
9049	QYT
9050	QYV
9051	QYY
9052	QYZ
9053	QZA
9054	QZB
9055	QZC
9056	QZD
9057	QZE
9058	QZF
9059	QZG
9060	QZH
9061	STJ
9062	STK
9063	STN
9064	STP
9065	STU
9066	SUA
9067	SUC
9068	SUD
9069	SUK
9070	SUM
9071	SUO
9072	SUP
9073	SUS
9074	SUU
9075	SUW
9076	SVE
9077	SVH
9078	SVK
9079	SVN
9080	SVO
9081	SVR
9082	SVT
9083	SVV
9084	SVW
9085	SWC
9086	SHU
9087	SIE
9088	SIG
9089	SIK
9090	SJG
9091	SJM
9092	SJN
9093	SJR
9094	SJS
9095	SKA
9096	SKF
9097	SKM
9098	SKT
9099	SKY
9100	SLB
9101	SLF
9102	SLG
9103	SLJ
9104	SLO
9105	SLR
9106	TCN
9107	TCR
9108	TCS
9109	TCV
9110	TCX
9111	TCY
9112	TDK
9113	TDN
9114	TDO
9115	TDR
9116	TDT
9117	TDV
9118	TDW
9119	TDZ
9120	TEA
9121	TEC
9122	TEG
9123	TFN
9124	TFR
9125	TFS
9126	TFT
9127	TFY
9128	TGA
9129	TGB
9130	TGE
9131	TGQ
9132	TGS
9133	TGX
9134	THA
9135	SAR
9136	SAS
9137	SIV
9138	SIW
9139	SIY
9140	SJA
9141	SMC
9142	SMD
9143	SME
9144	SMF
9145	SMG
9146	SMN
9147	SMO
9148	SMT
9149	SMU
9150	SNJ
9151	SNK
9152	SNL
9153	SNQ
9154	SNT
9155	SNX
9156	SNZ
9157	SOA
9158	SOB
9159	SOD
9160	SOH
9161	SOR
9162	SPT
9163	SPV
9164	SPX
9165	SQA
9166	SQB
9167	SQD
9168	SQE
9169	SQF
9170	SQL
9171	SQP
9172	SQQ
9173	SQS
9174	SQX
9175	SQY
9176	SQZ
9177	XNO
9178	XNR
9179	XNS
9180	XNV
9181	XOE
9182	XOG
9183	XOK
9184	XON
9185	XOP
9186	XOS
9187	XOX
9188	XOY
9189	XPB
9190	XPD
9191	XPF
9192	XPG
9193	XPH
9194	XPL
9195	XPM
9196	XPN
9197	XPP
9198	XVJ
9199	ZBD
9200	ZBG
9201	ZBH
9202	ZBI
9203	ZBN
9204	ZBP
9205	ZBS
9206	ZBT
9207	YHU
9208	YOY
9209	YQN
9210	YRE
9211	YRO
9212	YTP
9213	YTZ
9214	YWF
9215	ZBZ
9216	ZCA
9217	ZCD
9218	ZCE
9219	ZCF
9220	ZCG
9221	ZCH
9222	ZCI
9223	ZCJ
9224	ZCK
9225	ZCM
9226	ZCN
9227	ZCP
9228	ZCQ
9229	ZCR
9230	ZCS
9231	ZCT
9232	ZCU
9233	ZCV
9234	ZCW
9235	ZCX
9236	ZCY
9237	ZCZ
9238	ZDA
9239	ZDB
9240	ZDC
9241	ZDD
9242	ZDE
9243	XWD
9244	XWE
9245	XWH
9246	XWI
9247	XWN
9248	XWO
9249	XWS
9250	XWY
9251	XXB
9252	XXF
9253	XXH
9254	XXP
9255	XXS
9256	XYD
9257	XYL
9258	XYR
9259	XYT
9260	XYV
9261	XZB
9262	XZC
9263	XZK
9264	XZL
9265	XZP
9266	XZR
9267	XZY
9268	YAB
9269	YAE
9270	YAH
9271	YAN
9272	YBB
9273	YCW
9274	YDB
9275	YDC
9276	YDR
9277	YDT
9278	YED
9279	YEG
9280	YEO
9281	YFG
9282	YFJ
9283	YGG
9284	XRO
9285	XRP
9286	XRS
9287	XRT
9288	XRU
9289	XRX
9290	XSA
9291	XSB
9292	XSD
9293	XSF
9294	XSG
9295	XSH
9296	XSJ
9297	XSK
9298	XSL
9299	XSM
9300	XSN
9301	XSO
9302	XSP
9303	XSQ
9304	XSR
9305	XSS
9306	XST
9307	XSU
9308	XSV
9309	XSW
9310	XSX
9311	XSY
9312	XSZ
9313	XTB
9314	XTC
9315	XTE
9316	XTH
9317	XTK
9318	XTN
9319	XTO
9320	XTR
9321	XTS
9322	XTT
9323	XTU
9324	XTY
9325	XUY
9326	XVA
9327	XVB
9328	XVC
9329	XVD
9330	XVE
9331	XVF
9332	XVG
9333	XVH
9334	XVI
9335	ZBC
9336	ZTN
9337	ZTO
9338	ZTP
9339	ZTT
9340	ZTW
9341	ZTY
9342	ZTZ
9343	ZUA
9344	ZUD
9345	ZUE
9346	ZUG
9347	ZUL
9348	ZUN
9349	ZUO
9350	ZUP
9351	ZUQ
9352	ZUR
9353	ZUS
9354	ZUT
9355	ZUU
9356	ZUV
9357	ZUW
9358	ZUX
9359	ZUY
9360	ZUZ
9361	ZHB
9362	ZHC
9363	ZHD
9364	ZHE
9365	ZHF
9366	ZHG
9367	ZHH
9368	ZVE
9369	ZVG
9370	ZVH
9371	YUL
9372	YWH
9373	YWQ
9374	YXD
9375	YXI
9376	YXQ
9377	ZDG
9378	ZDH
9379	ZDI
9380	ZDJ
9381	ZDK
9382	ZDN
9383	ZDO
9384	ZDP
9385	ZDQ
9386	ZDR
9387	ZDS
9388	ZDT
9389	ZDU
9390	ZDV
9391	ZDW
9392	ZDX
9393	ZDZ
9394	ZEA
9395	ZEB
9396	ZED
9397	ZEE
9398	ZEF
9399	ZEH
9400	ZEI
9401	ZEJ
9402	ZEK
9403	ZEN
9404	ZEP
9405	ZEQ
9406	ZES
9407	ZEU
9408	ZEV
9409	ZEW
9410	ZEX
9411	ZEZ
9412	ZFC
9413	ZFF
9414	ZFG
9415	ZFH
9416	ZFI
9417	ZFP
9418	ZFR
9419	ZFS
9420	ZFT
9421	ZFW
9422	ZFZ
9423	ZGA
9424	ZGB
9425	ZGD
9426	ZGE
9427	ZGG
9428	ZGH
9429	ZGN
9430	ZGO
9431	ZGT
9432	ZGW
9433	ZGX
9434	ZGZ
9435	YKZ
9436	YLA
9437	YLB
9438	YLF
9439	YLM
9440	YLO
9441	YLQ
9442	YLT
9443	YLX
9444	YMC
9445	YMD
9446	YMF
9447	YMR
9448	YMW
9449	YMX
9450	YMY
9451	YNF
9452	YOT
9453	YYW
9454	YYZ
9455	ZAB
9456	ZAE
9457	ZAF
9458	ZAI
9459	ZAJ
9460	ZAK
9461	ZAN
9462	ZAP
9463	ZAQ
9464	ZAS
9465	ZAU
9466	ZAX
9467	ZAY
9468	ZBA
9469	ZBB
9470	ZQE
9471	ZQF
9472	ZQG
9473	ZQH
9474	ZQI
9475	ZQJ
9476	ZQK
9477	ZQL
9478	ZQM
9479	ZQO
9480	ZQP
9481	ZQQ
9482	ZQR
9483	ZQS
9484	ZQT
9485	ZQU
9486	ZQV
9487	ZQW
9488	ZQX
9489	ZRA
9490	ZRB
9491	ZRC
9492	ZRD
9493	ZRE
9494	ZRF
9495	ZRG
9496	ZRK
9497	ZRL
9498	ZRN
9499	ZRO
9500	ZRP
9501	ZRR
9502	ZRS
9503	ZRT
9504	ZRU
9505	ZRV
9506	ZRW
9507	ZRX
9508	ZRZ
9509	ZHI
9510	ZHJ
9511	ZHK
9512	ZHL
9513	ZHN
9514	ZHQ
9515	ZHR
9516	ZHS
9517	ZHT
9518	ZHU
9519	ZHV
9520	ZHW
9521	ZHY
9522	ZHZ
9523	ZIA
9524	ZIB
9525	ZIC
9526	ZID
9527	ZIJ
9528	ZIM
9529	ZIN
9530	ZIO
9531	ZIR
9532	ZIT
9533	ZIV
9534	ZJA
9535	ZJC
9536	ZJD
9537	ZJG
9538	ZJH
9539	ZJI
9540	ZJL
9541	ZJM
9542	ZJO
9543	ZJP
9544	ZJQ
9545	ZJS
9546	ZJU
9547	ZJV
9548	ZJW
9549	ZJZ
9550	ZKA
9551	ZKC
9552	ZKD
9553	ZKF
9554	ZKH
9555	ZKI
9556	ZKJ
9557	ZKK
9558	ZKL
9559	ZKM
9560	ZKN
9561	ZKO
9562	ZKP
9563	ZKQ
9564	ZKR
9565	ZKS
9566	ZKT
9567	ZKU
9568	ZKV
9569	ZKW
9570	ZKX
9571	ZKY
9572	ZKZ
9573	ZLA
9574	ZLB
9575	ZLC
9576	ZSB
9577	ZSC
9578	ZSD
9579	ZSF
9580	ZSG
9581	ZSH
9582	ZSI
9583	ZSK
9584	ZSL
9585	ZSM
9586	ZSN
9587	ZSO
9588	ZSP
9589	ZSQ
9590	ZSR
9591	ZSU
9592	ZSV
9593	ZSW
9594	ZSX
9595	ZSY
9596	ZSZ
9597	ZTC
9598	ZTD
9599	ZTE
9600	ZTF
9601	ZTG
9602	ZTJ
9603	ZTK
9604	ZTL
9605	ZQD
9606	XKK
9607	XKM
9608	XKN
9609	XKP
9610	XKQ
9611	XKR
9612	XKW
9613	XKZ
9614	XOB
9615	XOD
9616	XOL
9617	XOQ
9618	XRD
9619	XUB
9620	XUC
9621	XUE
9622	XUG
9623	XUH
9624	XUI
9625	XUJ
9626	XUL
9627	XUM
9628	XUO
9629	XUQ
9630	XUR
9631	XUS
9632	XUU
9633	XUV
9634	XUW
9635	XUX
9636	XVK
9637	XXE
9638	XXG
9639	XXR
9640	ZLD
9641	ZLE
9642	ZLF
9643	ZLH
9644	ZLI
9645	ZLJ
9646	ZLK
9647	ZLL
9648	ZLM
9649	ZLN
9650	ZLP
9651	ZLQ
9652	ZLR
9653	ZLS
9654	ZLU
9655	ZLX
9656	ZLY
9657	ZLZ
9658	ZMA
9659	ZMB
9660	ZMD
9661	ZME
9662	ZMG
9663	ZMH
9664	ZMI
9665	ZML
9666	ZMM
9667	ZMO
9668	ZMP
9669	ZMR
9670	ZMS
9671	ZMU
9672	ZMV
9673	ZNA
9674	ZNB
9675	ZNF
9676	ZNG
9677	ZNH
9678	ZNI
9679	ZNJ
9680	ZNK
9681	ZNL
9682	ZNM
9683	ZNN
9684	ZNO
9685	ZNP
9686	ZNQ
9687	ZNR
9688	ZNS
9689	ZNT
9690	ZNV
9691	ZNW
9692	ZNX
9693	ZNY
9694	ZOA
9695	ZOB
9696	ZOC
9697	ZOD
9698	ZOE
9699	ZOG
9700	ZOH
9701	ZOI
9702	ZOJ
9703	ZOK
9704	ZOL
9705	ZOM
9706	ZON
9707	ZOO
9708	ZOP
9709	ZOQ
9710	ZOR
9711	ZOT
9712	ZOU
9713	ZOV
9714	ZOW
9715	ZOX
9716	ZOY
9717	ZOZ
9718	ZPA
9719	ZPC
9720	ZPD
9721	ZPE
9722	ZPF
9723	ZPG
9724	ZPH
9725	SPM
9726	SPO
9727	SRK
9728	SRL
9729	SRO
9730	SRR
9731	SRS
9732	SRU
9733	SRW
9734	SSB
9735	SSF
9736	SSN
9737	SSP
9738	SST
9739	SSU
9740	SSV
9741	SSW
9742	STF
9743	STH
9744	TWN
9745	USQ
9746	USS
9747	UST
9748	UTC
9749	UTD
9750	UTE
9751	UTG
9752	UTI
9753	UTL
9754	UTR
9755	UTU
9756	UTW
9757	UUK
9758	UUN
9759	UVA
9760	UVF
9761	UWA
9762	UWE
9763	UWP
9764	UZH
9765	WBW
9766	WCA
9767	WDA
9768	WDI
9769	WDN
9770	WDR
9771	WDY
9772	WEA
9773	WEM
9774	WES
9775	WEX
9776	WFB
9777	WGB
9778	WGL
9779	WGN
9780	WGO
9781	WGU
9782	WGY
9783	WHH
9784	WHO
9785	TNT
9786	TNU
9787	TNV
9788	TOA
9789	TOC
9790	TOI
9791	TOJ
9792	TOQ
9793	TOR
9794	TOT
9795	TPO
9796	TPT
9797	TPU
9798	TQN
9799	UBT
9800	UCC
9801	UCE
9802	UCY
9803	UDA
9804	UDD
9805	UDE
9806	UDN
9807	UDO
9808	UES
9809	UGA
9810	UGB
9811	UGN
9812	UGS
9813	UGU
9814	UHF
9815	UIL
9816	UIQ
9817	UIZ
9818	UKA
9819	UKB
9820	UKN
9821	UKT
9822	UKX
9823	UKY
9824	ULC
9825	ULI
9826	ULM
9827	ULO
9828	ULS
9829	ULX
9830	ULZ
9831	UMA
9832	UMB
9833	VCP
9834	VCR
9835	VCV
9836	VDA
9837	VDD
9838	VDI
9839	VDU
9840	VEX
9841	VGD
9842	VGG
9843	VGT
9844	VHN
9845	VIB
9846	TOO
9847	TOX
9848	TPF
9849	TPG
9850	TPH
9851	TRL
9852	TRM
9853	TRP
9854	TRQ
9855	TRT
9856	TRX
9857	TSA
9858	TSF
9859	TSG
9860	TSL
9861	TSO
9862	TSP
9863	TSQ
9864	TSS
9865	TSX
9866	TSY
9867	TSZ
9868	TTC
9869	TTD
9870	TTH
9871	TTI
9872	TTK
9873	TTL
9874	TTM
9875	TTO
9876	TUE
9877	TUH
9878	TUT
9879	TUW
9880	TUX
9881	TVI
9882	TWE
9883	TWH
9884	XFC
9885	XFD
9886	XFE
9887	XFF
9888	XFG
9889	XFI
9890	XFK
9891	XFL
9892	XFM
9893	XFO
9894	XFQ
9895	XFS
9896	XFV
9897	XFW
9898	XFX
9899	XFY
9900	XFZ
9901	WAU
9902	WAX
9903	WAY
9904	WBG
9905	WBI
9906	WBU
9907	WHP
9908	WID
9909	WIE
9910	WIL
9911	WIR
9912	WJU
9913	WLA
9914	WLL
9915	WLN
9916	WLO
9917	WLW
9918	WMP
9919	WMV
9920	WND
9921	WNE
9922	WOA
9923	WOB
9924	WOD
9925	WOE
9926	WOG
9927	WOK
9928	WOO
9929	WOW
9930	WPA
9931	WPC
9932	WPL
9933	WPR
9934	WPS
9935	WPU
9936	WRB
9937	WRH
9938	WRI
9939	WRW
9940	WSD
9941	WSE
9942	WSF
9943	WSJ
9944	WTC
9945	WTN
9946	WTR
9947	WTZ
9948	WVI
9949	VAC
9950	VAD
9951	VAH
9952	VAL
9953	VAP
9954	VBG
9955	VBS
9956	VCA
9957	VCC
9958	VIH
9959	VIK
9960	VIQ
9961	VIR
9962	VJB
9963	VJI
9964	VJQ
9965	VKO
9966	VKS
9967	VKW
9968	VLA
9969	VLE
9970	VLK
9971	VLO
9972	VLR
9973	VLU
9974	VMI
9975	VNC
9976	VND
9977	VNY
9978	VOK
9979	VOT
9980	VRS
9981	VSO
9982	VTA
9983	VTB
9984	VTL
9985	VTN
9986	VUS
9987	VVI
9988	WAF
9989	WAH
9990	WAJ
9991	WAL
9992	WAN
9993	WAP
9994	WAR
9995	TZA
9996	TZL
9997	TZM
9998	UAC
9999	UAL
10000	UAM
10001	UBR
10002	UMM
10003	UMT
10004	UNC
10005	UNR
10006	UNS
10007	UNU
10008	UON
10009	UOS
10010	UPA
10011	UPC
10012	UPF
10013	UPV
10014	URD
10015	URE
10016	URI
10017	URN
10018	URS
10019	USC
10020	XFB
10021	XPS
10022	XPT
10023	XPU
10024	XPV
10025	XPW
10026	XPX
10027	XQB
10028	XQD
10029	XQG
10030	XQH
10031	XQI
10032	XQL
10033	XQM
10034	XQT
10035	XQW
10036	XQY
10037	XRA
10038	XRB
10039	XRC
10040	XRE
10041	XRG
10042	XRI
10043	XRM
10044	XRN
10045	WVN
10046	WWA
10047	WWI
10048	WWP
10049	WWR
10050	WWS
10051	WXF
10052	WZY
10053	XAB
10054	XAC
10055	XAD
10056	XAG
10057	XAH
10058	XAI
10059	XAJ
10060	XAK
10061	XAM
10062	XAN
10063	XAQ
10064	XAS
10065	XAT
10066	XAU
10067	XAV
10068	XAW
10069	XAX
10070	XAZ
10071	XBA
10072	XBC
10073	XBD
10074	XBF
10075	XBH
10076	XBI
10077	XBK
10078	XBM
10079	XBP
10080	XBQ
10081	XBS
10082	XBT
10083	XBU
10084	XBV
10085	XBW
10086	XBX
10087	XBY
10088	XBZ
10089	XCB
10090	XCC
10091	XCD
10092	XCE
10093	XCF
10094	XCG
10095	XCI
10096	XCJ
10097	XCK
10098	XCO
10099	XCP
10100	XCQ
10101	XCR
10102	XCS
10103	XCT
10104	XCU
10105	XCV
10106	XCW
10107	XCX
10108	XCY
10109	XCZ
10110	XDA
10111	XDB
10112	XDC
10113	XDD
10114	XDG
10115	XDH
10116	XDI
10117	XDK
10118	XDL
10119	XDM
10120	XDN
10121	XDO
10122	XDP
10123	XDQ
10124	XDR
10125	XDS
10126	XDT
10127	XDU
10128	XDV
10129	XDW
10130	XDX
10131	XDY
10132	XDZ
10133	XEA
10134	XEB
10135	XEC
10136	XED
10137	XEE
10138	XEF
10139	XEG
10140	XEH
10141	XEI
10142	XEJ
10143	XEK
10144	XEL
10145	XEM
10146	XEO
10147	XEP
10148	XEQ
10149	XER
10150	XES
10151	XET
10152	XEX
10153	XEY
10154	XFA
10155	XPR
10156	XVL
10157	XVN
10158	XVO
10159	XVP
10160	XVR
10161	XVS
10162	XVT
10163	XVU
10164	XVV
10165	XVW
10166	XVX
10167	XVZ
10168	XWA
10169	XWB
10170	YAR
10171	YAS
10172	YAU
10173	YAW
10174	YAX
10175	YBO
10176	YBS
10177	YBW
10178	YBZ
10179	YHH
10180	YHP
10181	YHT
10182	YIG
10183	YIP
10184	YKD
10185	YKI
10186	XGB
10187	XGF
10188	XGJ
10189	XGK
10190	XGM
10191	XGN
10192	XGO
10193	XGT
10194	XGV
10195	XGW
10196	XGY
10197	XHE
10198	XHM
10199	XHR
10200	XHS
10201	XHU
10202	XHY
10203	XIA
10204	XIB
10205	XID
10206	XIE
10207	XIF
10208	XIG
10209	XII
10210	XIM
10211	XIO
10212	XIP
10213	XIQ
10214	XIS
10215	XJE
10216	XJL
10217	XJQ
10218	XJT
10219	XJZ
10220	XKL
10221	XKT
10222	XKU
10223	XKV
10224	XLA
10225	XLD
10226	XLE
10227	XLF
10228	XLG
10229	XLH
10230	XLI
10231	XLJ
10232	XLK
10233	XLL
10234	XLM
10235	XLN
10236	XLO
10237	XLP
10238	XLQ
10239	XLR
10240	XLT
10241	XLV
10242	XLW
10243	XLX
10244	XLY
10245	XLZ
10246	XMA
10247	XMB
10248	XMD
10249	XME
10250	XMF
10251	XMJ
10252	XMK
10253	XMM
10254	XMO
10255	XMP
10256	XMQ
10257	XMR
10258	XMT
10259	XMU
10260	XMV
10261	XMW
10262	XMX
10263	XMZ
10264	XNE
10265	XNG
10266	XNK
10267	XNM
10268	ALI
10269	AMK
10270	AVK
10271	AVW
10272	AXE
10273	AYE
10274	AZI
10275	AZP
10276	BAB
10277	BAD
10278	AKC
10279	ALV
10280	AMN
10281	ANT
10282	AOE
10283	AOH
10284	AOT
10285	APA
10286	APY
10287	AQB
10288	ARA
10289	ARN
10290	EWD
10291	AFP
10292	BYO
10293	CJT
10294	CQD
10295	CXR
10296	DSA
10297	DST
10298	EAL
10299	ECC
10300	EEE
10301	EJT
10302	ENZ
10303	FBU
10304	FRV
10305	FTV
10306	GBT
10307	GB3
10308	GEN
10309	GFH
10310	GIO
10311	GMP
10312	GYD
10313	HVY
10314	ICN
10315	IED
10316	III
10317	IRL
10318	JWN
10319	KHZ
10320	LKH
10321	MQZ
10322	MWX
10323	NRW
10324	NX2
10325	PM5
10326	PXR
10327	QAA
10328	QFP
10329	QYW
10330	RCP
10331	RDN
10332	RHN
10333	RMQ
10334	RVV
10335	TEW
10336	TFC
10337	WFL
10338	WGF
10339	WNY
10340	WWG
10341	WYC
10342	XCA
10343	XGE
10344	XGH
10345	XHK
10346	XHP
10347	XHT
10348	XHV
10349	XIK
10350	XIX
10351	XJA
10352	XJB
10353	XJF
10354	XJS
10355	XOT
10356	XPZ
10357	XQS
10358	XRJ
10359	XVQ
10360	XVY
10361	XWC
10362	XWW
10363	XWX
10364	XWZ
10365	XXD
10366	XXJ
10367	XXN
10368	XXQ
10369	XXT
10370	XXV
10371	XXX
10372	XYG
10373	XYI
10374	XYJ
10375	XYM
10376	XYN
10377	XYQ
10378	XZE
10379	XZJ
10380	XZU
10381	XZX
10382	YNP
10383	YVH
10384	YVK
10385	YVS
10386	YWW
10387	YZY
10388	ZIE
10389	ZIF
10390	ZIK
10391	ZIL
10392	ZIP
10393	ZJJ
10394	ZJY
10395	ZMF
10396	ZMQ
10397	ZMW
10398	ZMX
10399	ZMZ
10400	ZRY
10401	ZUB
10402	ZVB
10403	ZWC
10404	ZWJ
10405	ZXT
10406	ZYG
10407	ZYN
10408	ZYS
10409	ZZN
10410	ZZO
10411	ZZW
10412	ZZZ
10413	EBL
10414	ZPI
10415	ZPJ
10416	ZPK
10417	ZPL
10418	ZPM
10419	ZPN
10420	ZPO
10421	ZPP
10422	ZPQ
10423	ZPR
10424	ZPS
10425	ZPT
10426	ZPU
10427	ZPV
10428	ZPW
10429	ZPX
10430	ZPY
10431	ZPZ
10432	ZQA
10433	ZQB
10434	ZQC
10435	XKJ
10436	ZFY
10437	OLK
10438	PCJ
10439	RNA
10440	QYU
10441	XEV
10442	XEW
10443	XEZ
10444	XFJ
10445	XFP
10446	XWF
10447	XWK
10448	XWL
10449	XWM
10450	XWP
10451	XWQ
10452	XWR
10453	XWV
10454	XXA
10455	XXI
10456	XXK
10457	XXM
10458	XXO
10459	XXU
10460	XXY
10461	XXZ
10462	XYB
10463	XYC
10464	XYF
10465	XYH
10466	XYK
10467	XYO
10468	XYP
10469	XYU
10470	XYX
10471	XYY
10472	XYZ
10473	PHY
10474	AHP
10475	AWC
10476	AWV
10477	DCO
10478	DCH
10479	DMH
10480	DPT
10481	DTI
10482	DVX
10483	EHP
10484	ETK
10485	ETX
10486	EXC
10487	EYV
10488	FBO
10489	FDA
10490	FED
10491	FEE
10492	FFF
10493	FHP
10494	FND
10495	FOL
10496	FSG
10497	FTC
10498	GCF
10499	GCT
10500	GHL
10501	GHP
10502	GMG
10503	GPP
10504	GXR
10505	HDQ
10506	HHM
10507	HPK
10508	HPL
10509	HTC
10510	IAF
10511	IAK
10512	IAL
10513	IAO
10514	IAP
10515	IAT
10516	IAW
10517	IHP
10518	JAR
10519	JFI
10520	JPB
10521	KQM
10522	LDD
10523	LFH
10524	NEO
10525	NJI
10526	NJM
10527	NJP
10528	NPB
10529	NWR
10530	NYA
10531	NYF
10532	NYL
10533	ZFX
10534	NYP
10535	NYS
10536	NYT
10537	NYW
10538	OHB
10539	OHE
10540	PHV
10541	PXS
10542	ROZ
10543	RQM
10544	RRR
10545	TPB
10546	TPM
10547	TPW
10548	TZR
10549	UBH
10550	UHP
10551	VCY
10552	VHP
10553	VOA
10554	VOB
10555	VOC
10556	VOD
10557	VRV
10558	WCC
10559	WCS
10560	WDW
10561	WEB
10562	WHR
10563	WPP
10564	WRS
10565	WWW
10566	XQZ
10567	XRQ
10568	XTM
10569	XUN
10570	YLY
10571	MQP
10572	RZY
10573	BVJ
10574	DBL
10575	%
10576	IKA
10577	NKM
10578	RVT
10579	WGZ
10580	WUK
10581	XZD
10582	XZO
10583	XZT
10584	LDG
10585	IBL
10586	EPU
10587	PCQ
10588	VCL
10589	ABC
10590	DWD
10591	RMF
10592	RJL
10593	NTQ
10594	YOA
10595	ALX
10596	ZVL
10597	ZVM
10598	ZVN
10599	ZVO
10600	ZVP
10601	ZVQ
10602	ZVR
10603	ZVS
10604	ZVT
10605	ZVU
10606	ZVV
10607	ZVW
10608	ZVX
10609	ZVY
10610	ZVZ
10611	ZWB
10612	ZWD
10613	ZWG
10614	ZWH
10615	ZWI
10616	ZWK
10617	ZWM
10618	ZWN
10619	ZWO
10620	ZWP
10621	ZWQ
10622	ZWS
10623	ZWT
10624	ZWU
10625	ZWW
10626	ZWX
10627	ZWY
10628	ZWZ
10629	ZXA
10630	ZXB
10631	ZXC
10632	ZXD
10633	ZXE
10634	ZXF
10635	ZXG
10636	ZXH
10637	ZXI
10638	ZXJ
10639	ZXK
10640	ZXL
10641	ZXM
10642	ZXN
10643	ZXO
10644	ZXP
10645	ZXQ
10646	ZXR
10647	ZXS
10648	ZYA
10649	ZYC
10650	ZYE
10651	ZYH
10652	ZYM
10653	ZYP
10654	ZYQ
10655	ZYR
10656	ZYT
10657	ZYU
10658	ZYZ
10659	ZZA
10660	ZZB
10661	ZZC
10662	ZZD
10663	ZZE
10664	ZZF
10665	ZZG
10666	ZZH
10667	ZZI
10668	ZZJ
10669	ZZK
10670	ZZL
10671	ZZM
10672	ZZP
10673	ZZQ
10674	ZZR
10675	ZZS
10676	ZZT
10677	CSZ
10678	GMZ
10679	LEC
10680	LEN
10681	MQM
10682	OIA
10683	OTV
10684	OVR
10685	PJA
10686	QXZ
10687	QYX
10688	UNA
10689	XFH
10690	XFR
10691	XFU
10692	XGC
10693	XGD
10694	XGS
10695	XKB
10696	XND
10697	XOR
10698	XXC
10699	XXL
10700	ZFJ
10701	ZFK
10702	ZFQ
10703	FTE
10704	RLO
10705	CFB
10706	XOA
10707	MZW
10708	XPJ
10709	XRF
10710	XZN
10711	PHG
10712	XGI
10713	XGP
10714	XGU
10715	XHF
10716	XHL
10717	XKC
10718	XKD
10719	XKE
10720	XKF
10721	XKG
10722	XKI
10723	AUB
10724	BAR
10725	BBP
10726	BBU
10727	BDE
10728	BDF
10729	BDG
10730	BEC
10731	BEQ
10732	BFH
10733	BFI
10734	BFK
10735	BFM
10736	ACB
10737	ACS
10738	ACY
10739	ADB
10740	ADF
10741	ADG
10742	ADH
10743	ADI
10744	ADJ
10745	ADS
10746	ADT
10747	ADX
10748	AEL
10749	AEP
10750	AFD
10751	AFF
10752	AFW
10753	AGC
10754	AGY
10755	AHA
10756	AHC
10757	AHE
10758	AHF
10759	AHH
10760	AIV
10761	AIW
10762	AAD
10763	AAG
10764	AAM
10765	AAP
10766	AAS
10767	AAZ
10768	AKT
